aqpcelwkdtrzvuximfgb,cnxyeljqdauiwzpfhsko,48,y
objsftzvyugawrecxhik,zhayfxvlujwkscborqpe,48,l
kvhelzytaucjbqrwifgd,ogydjlsthpnaimfcrbzq,47,o
lbqzstucfrikwxodeygm,fschbpjlrwtminozyvkd,36,v
mwugbjihacdtlprqkesx,fxgczjriyedtvlmsaquw,47,b
itlkbaogmzqwrnydfvjs,kcdeiqxygonumhjsvart,42,c
cqpkjgorwyxezatfnuvd,bndwheyxkcjqzoifalgs,44,z
wegkvzlucsadxhmiotnq,tusekxgylpanhjdczqim,50,b
rspzbxgniojlkmcyuteq,mwugbjihacdtlprqkesx,25,s
ojacwfrbtlxpydgzkmhq,hmxbsgdflwynutivojpk,38,u
zvupmxgqoleyhrbticas,fvlaseymthkpjugiqzrb,48,x
obuqeimdlwhazcgprsft,efwkpahqzgivtnuljdor,40,h
tylnokhqaesrxugwfdvp,ykarwclounsbpfjqzimt,48,k
lzqkswmrecfpubthovyd,wegkvzlucsadxhmiotnq,27,e
icdqjguavzmlonbswkyx,hoxzusvibdpflkejwtay,37,k
ivtxyceuakrbmnhsqpfw,amicjtfkwbovxhgzdusy,37,c
abvzrgcminxyjlehqwts,fxeuhjbvklzwimcqgrps,22,c
yqwgvsroajzmdibhnfek,qxcjrvaeztdfpukgwsib,20,e
rhqjzplmgafxecutibos,azsjyxirweultqcobfvm,45,c
eyuwjfkrqaxnphlvzodb,qoshauxtlewmzykpnvgb,45,v
fdgtiuhnmpvjbrweloxa,cqpkjgorwyxezatfnuvd,47,y
mtucxfvpalkqenodwjyg,dhwfxyobreiclsmpzunj,28,x
kgonwuapbfvzdcsxehml,fvtkqanoyljbzswudxgm,41,p
hxjbupfvctgoaslkiqde,jhvudsxbrmqkgnolcafy,29,z
zwloictpgxysaerdnukf,elcnhmzqyiksfvtoxawp,40,u
pclsvfdwzbjirgxtuanq,pfwuacjbkrstgvdmloni,32,s
euibqmojcgfhpszxndwy,mwugbjihacdtlprqkesx,40,b
rihsamkqtxnwjzdclgpf,poqiyajgvrztlshwfxnd,49,s
lbqzstucfrikwxodeygm,eyluctqzpavmirjgxsbk,46,r
xtfghanouebpdsvyrcqw,szagikemqvdyxnwftpro,36,j
wquzkbgmdijastfepnvr,ynfompkvsxhjuiwzdreg,44,q
dnerjzmukcysavxwhifg,hcpdgbtajqfvkoirxeum,49,e
tkjcnhdqpifourealwxb,cotkzaqyxlrjwdmfngsi,41,j
bwfdepxyajzluvqhgosi,kytflsxqgeocudpirwav,24,m
lsmwngkatvizjopubxrh,bglszfkchoywtqaedmui,39,p
czqjswahgvpfyuokield,qxuwkahpgjblfzdoiyvc,26,t
zegfpnaicxsokhjvuqby,saphiowykcqnbvfdgljx,27,z
xlzabvktnruypoeifjdh,amrfveblwkhsgztudqxn,48,s
dgrqzfkinhwovcalepsb,hgepoytjkwdcslazrubf,36,p
rlmvxbufocpdzsnwkagj,dkmgaznvxtyrucoelhfj,36,q
dnerjzmukcysavxwhifg,xvwgipbrjktolsmuheac,22,f
kvhelzytaucjbqrwifgd,dxpjhezgtynoqasrfubw,36,t
psnrezgbuqlwimvyofdc,dhczexmgtylijrpnvufs,41,z
diqhwljerfosvmxbgapc,gbtuadcfpynoehwjlxsi,43,n
hmxbsgdflwynutivojpk,ydrtknwbapzcohuliqjs,27,t
nbxmjravwscdylhqteof,kjswvzbfopgxuqhnimce,47,k
sdnwvjfrqekpiotuxcbz,rdlotvqjnzmbhpgsayuw,44,a
whrblpyscjxmeqvukont,qxcjrvaeztdfpukgwsib,47,a
ohpgwvnukmrsxitbyazq,szagikemqvdyxnwftpro,47,y
kosznadvcxbljurhmyep,flyrtxmaeskvjindohzg,44,u
dgrqzfkinhwovcalepsb,dhwfxyobreiclsmpzunj,20,f
eyuwjfkrqaxnphlvzodb,rgyalbwfnxecvshqmpdo,28,g
axzjpiqfltgwedsmourv,nbxmjravwscdylhqteof,30,d
ntkefhqwmubazlpcgidx,zvupmxgqoleyhrbticas,25,u
mvbqsgxdwaclyhkjtzip,xunfgsyarpokcldzwqvb,33,h
gfnijlbaxhopdkstmzyr,dregimhfykbwzastpujo,46,p
ubipjvwrhglxkmnzcoqy,akbjtnxpmqgswrdzulif,34,j
hxjbupfvctgoaslkiqde,qanmbufigezoxsjdypvw,40,g
xfztnovcqlbsgujadiwh,xalkrfzvnopjigtuecqh,47,o
fvtkqanoyljbzswudxgm,hmxbsgdflwynutivojpk,29,a
vcxbznasdqrpfothikwl,opmqlakjicgtyfzrubdw,33,l
xenuzayftlcpjqgwsdvh,degpsqklnmfxizjhtbvy,46,k
zmbcapxoygehrlukidfj,fldhciyteaskmvpzqrox,37,u
zghmcksayiorlxpjbfne,migfxzauehrtysnodvcp,34,r
fdgtiuhnmpvjbrweloxa,enuskmpijwfgoztqrxba,47,y
hmxbsgdflwynutivojpk,kcdeiqxygonumhjsvart,43,v
otxprbkfdvcihwznjema,guqpcswmndzjavelrkht,31,q
pqnkgmbxeohwcriftuza,uzbspmvcqiotayjehlfw,22,j
dnerjzmukcysavxwhifg,reoibxnsumftcypqzklj,44,x
xyvqroesbfzpmchigtwj,lsmwngkatvizjopubxrh,28,f
mvisfkdputogacyexwhq,szagikemqvdyxnwftpro,41,y
usjmgdwaecbxyntzirfh,wegkvzlucsadxhmiotnq,36,t
imwkrvsxbjfupqzylgao,icdqjguavzmlonbswkyx,40,f
prasfudztmnylkjvxhec,uzbspmvcqiotayjehlfw,36,p
bwfdepxyajzluvqhgosi,tgpqbjdsuokhynmwflvc,33,v
bzwryitepcnqkoaxmsju,zknrsmjxavqibgfcwuyo,20,m
gnwlxcsquybpzmkifhto,oytjrbmpdxzhalwnukqc,32,q
bzwryitepcnqkoaxmsju,tmwhgypuvzdeqikfrocb,37,n
aruoidnfcwbztgjpxkmv,tlwskfhriqeayzcmxbdu,33,k
brgxtyehjkcilzuowspa,tzqubolpyigvaemjwxds,31,s
afnpgjdvlmhquesyzrtb,dnxlkjvmspogeurihwyq,36,e
syjrgfxobntehdwvmckz,dvrualjtzimqwpehbfon,44,i
mjwuksacezlrfdtxbipv,dxpjhezgtynoqasrfubw,30,l
nbxmjravwscdylhqteof,letvfcuzykpbsrhqiwxd,22,f
bwfdepxyajzluvqhgosi,teoicjwvfukyzlxsqgdn,49,g
lyhbcfwvtqsjekrzgnpd,ntdchejlfuzsoxaiqbwy,24,w
cfhiqlxpvrgksyudeotz,fxjckrguwdstoilnqeva,48,j
cfgskylnateoixjzwbud,fvlaseymthkpjugiqzrb,29,n
lzqkswmrecfpubthovyd,ghzurmfvybntkxeipdcw,43,c
bzwryitepcnqkoaxmsju,qxpeysafzwbutglvrmih,36,n
tagqkidynrhxbszupolf,goksmjlrpwhbifedyznx,38,t
zsnmhfejkqorcdgivyat,pfklmivehxcdtqbrwson,44,o
whrblpyscjxmeqvukont,tzqubolpyigvaemjwxds,39,i
gvtdbmuljyqhanpxfeiz,bivtgmoswczypkufedrj,40,u
qkeaoljhbyrdtcnguvfz,cqpkjgorwyxezatfnuvd,46,n
zegfpnaicxsokhjvuqby,gbecrokaxpzdjqnmyuvi,31,q
pgjevnxwhmrblqzodkic,zwloictpgxysaerdnukf,20,n
zghmcksayiorlxpjbfne,yepmwtbdklrzaucxqhoi,36,n
fvlaseymthkpjugiqzrb,werfzylotxamhvcibjqg,32,x
fzrbxgsuvpjkeiyhoqan,lezwmtxsckjgiuovapyb,42,u
ewgfskmhyaioltcdpvqr,lavgtchyubonpsqwmfie,34,e
vinskrxlodjpzqtmwgef,ivahntjgpyfeorklxzsb,50,p
fqsomiypuedxvrwktabg,dhomiuwbsqytgfvkcxne,31,x
luvadgspnqmiwctzbhjy,rdezxlyogmaqchwnfbsj,48,d
myorntwjlcaqvdzgfheb,vxfdzbraiyjmsgonwtuc,44,h
fswhcltpimadkuxenojg,kzojsxlvwmcqenihufpr,42,p
fvlaseymthkpjugiqzrb,cotkzaqyxlrjwdmfngsi,36,j
jozpihgbdktafwuqvcns,dtfiogzqxskamjnbcely,46,y
myorntwjlcaqvdzgfheb,pszlrxvawbdgjfcymoeh,31,j
vmpwzybuqtgkcadnoxsr,fazclnjyxviegptshdwq,23,h
fxeuhjbvklzwimcqgrps,gdtkljexvhiqpmzfcswa,22,x
xiujawrpzscfentdbylh,muactsrpjnykhfzxlbev,33,m
ogydjlsthpnaimfcrbzq,xshqwcombejnvgatfdkp,32,e
splzehwornfiqgktdxjc,wzbvsapmlxkfgynijutq,40,a
tlwskfhriqeayzcmxbdu,segvdobxhfiyatmrkpzu,22,j
cotkzaqyxlrjwdmfngsi,ynfompkvsxhjuiwzdreg,22,d
ajgfuwvzcplndqysxikh,gwojafuizevxkshnmtcd,41,s
usfgxdzkbchaliqmveyo,ogydjlsthpnaimfcrbzq,22,c
agjpcwyksbovedlqmthi,hmixlboevjwctpayusgz,34,r
jwbxunmylcfvahdkgros,imwkrvsxbjfupqzylgao,33,v
amhsbytezdlnovigxcqf,xkrtgcdazvmsneuohwiy,29,x
amofrsqbkvuxjgnlyhde,fqsomiypuedxvrwktabg,37,l
ejdbtaxrpczlhyvkmwgf,lyhjcwqxismdkboaptrv,32,p
yfdqnzpauxsmokebrwgj,pfwuacjbkrstgvdmloni,36,f
ykarwclounsbpfjqzimt,lavgtchyubonpsqwmfie,43,q
zknrsmjxavqibgfcwuyo,vghinpdmqzjcrofxtkyl,26,h
abvzrgcminxyjlehqwts,fldhciyteaskmvpzqrox,39,n
krjetmczxihoafvdbylg,fajvypzxcngbkhmiestw,28,w
wosxzkdrqcgjvaepbilt,zjatgcsbyxekfmhudnop,27,w
siomcevtqbfxpuyrnjal,ocixeztudypbnjaqhkfw,22,g
dujmezoqfinxsbcwatgv,xsmyiqobuftwphzjcrge,32,i
grvicpetfznuxwayjsob,hnpikqlsgcbfojdxzemr,22,e
tzqubolpyigvaemjwxds,gcilxfqnrkabthzouwej,49,g
alydqurhpjnfscezkbgx,hufjienokmzvxrwbcglq,46,u
myorntwjlcaqvdzgfheb,ynkpdigmshbrwlzjecfo,21,g
wconjdgqmebirxzuplkv,tzevduscngmbjkhqyofi,23,w
mfzswdqvhorblctxgpnu,jdnezfqbmguwtylhrika,25,b
yuxnhfdksablqmpitezo,fqsomiypuedxvrwktabg,34,s
aikyjvgfbodnctulshmz,qxcjrvaeztdfpukgwsib,40,p
pilfxvynwkgsbmhrtcao,ofeztdxhlrpuqwgvkcas,27,o
ajgfuwvzcplndqysxikh,mjfcuxnhwrqkglyspbzi,39,b
fvtkqanoyljbzswudxgm,bqzsomjpdwenyrlhfxtc,28,i
dxpjhezgtynoqasrfubw,azsjyxirweultqcobfvm,25,d
dzxljiupchgvenofkbst,nbjsitzokrqflyeuhawv,39,r
hikwcfgutlqansezdpjb,gdvfyhjqnkipesrwoxmz,43,f
eyvnzqfwgcpsdahxrmut,pnudrcasgzqvwebfmjih,31,t
nxmvsbkagltjrhyfqeuz,kxfzdjcyrpwubomasthe,42,w
pszlrxvawbdgjfcymoeh,qaukinhrmpgbzwodfevj,37,q
jscgrxmikwltdoqveapz,sahxufpytwlqbdmicoer,44,q
htlapymuxfecvkzgwjso,cnahrbqotfpzjksdvigy,44,z
zrgoqfcsiyumbvxktjnl,ynfompkvsxhjuiwzdreg,39,g
ewgfskmhyaioltcdpvqr,pfwuacjbkrstgvdmloni,49,w
rncjmalhbvxygwkozisu,hgepoytjkwdcslazrubf,37,u
cpewblsjadkmzhfvnoxr,zvupmxgqoleyhrbticas,36,g
kcdeiqxygonumhjsvart,ialmtpyowqbjszundrgk,20,j
dlfjuonzwbmqxahtsevk,viozqsufetbryhmxnawk,39,v
rfgobeyhwmatncdvsjiq,dhwfxyobreiclsmpzunj,30,t
hsxkewouvfmrqniczgty,fajvypzxcngbkhmiestw,50,d
diqhwljerfosvmxbgapc,hxjbupfvctgoaslkiqde,37,h
bqzsomjpdwenyrlhfxtc,hzbkaqydtofljvgmcruw,30,n
dlfjuonzwbmqxahtsevk,lbqzstucfrikwxodeygm,27,i
nqclpdrbsvjxozgyhewm,sdnwvjfrqekpiotuxcbz,42,q
jhvudsxbrmqkgnolcafy,zcrxehpbnkvjqyomaigu,45,y
hwrglsdipuonfajkebyz,rucvjqoghkiytabmznew,44,m
salhntvyofxrjmwcdgiu,zusvmkjxptgeiynblcaw,39,d
myorntwjlcaqvdzgfheb,dizuowhaelvrxycqpskf,33,e
tslbgknoqvwpacemuhjz,wilbzkuecftypaqmjndh,46,e
bwfdepxyajzluvqhgosi,zjatgcsbyxekfmhudnop,40,p
vhlsnzrdfbipgwotxuqm,zsabptnjuwxvlhikemoy,27,k
hscymdwtavpxnrugjfio,efwkpahqzgivtnuljdor,38,q
gseplkanfhrtqdjcyboi,waycdmetiquxspzrjfhv,37,y
cnahrbqotfpzjksdvigy,dvrualjtzimqwpehbfon,30,t
htlapymuxfecvkzgwjso,flvibcqwprusxtzhjyde,48,c
jwbxunmylcfvahdkgros,rihsamkqtxnwjzdclgpf,44,w
khtnwbifplcaoysuqzmr,wquzkbgmdijastfepnvr,21,h
wzbvsapmlxkfgynijutq,xenuzayftlcpjqgwsdvh,26,u
xtfghanouebpdsvyrcqw,kniwlemtfbxcdsgujpyr,32,k
efwkpahqzgivtnuljdor,elcnhmzqyiksfvtoxawp,35,x
cfgskylnateoixjzwbud,qmgenduwraicfszvkxlh,50,z
lkvabwjemtsipnfdzyxq,dizuowhaelvrxycqpskf,25,x
zsnmhfejkqorcdgivyat,omeltaxrdczjfhnkwyvp,47,g
fyxsoqmnauvcbjdhtlze,qaukinhrmpgbzwodfevj,46,o
uzebsorwchqkdlptfyax,izyobanfhrusqwljpvxg,47,g
amhsbytezdlnovigxcqf,flyrtxmaeskvjindohzg,35,u
dmiohgbcpfkxzetuqany,szagikemqvdyxnwftpro,22,v
uiqmvgxnyafpzkjeoblc,bkmhezojyagwdpnxctfi,31,i
dujmezoqfinxsbcwatgv,xysvtiaqgeuzdhnlofbm,39,w
zjatgcsbyxekfmhudnop,pnudrcasgzqvwebfmjih,36,q
kgpqvnlzjeoxduhsabyw,lwjtmbagcsdhqpouxkry,25,r
nbxmjravwscdylhqteof,zmbcapxoygehrlukidfj,38,j
grhpmxezkjditcysqwlv,gxhaziqvrdwcsmlunojp,46,b
kxfzdjcyrpwubomasthe,lcuegsfajbzvmhqyixrw,43,v
qpcjenvgramkhtsxyldb,qagsvbpjlenizutwdfmx,30,j
pzdakwexvufibqnltohy,gdtkljexvhiqpmzfcswa,37,q
azsjyxirweultqcobfvm,mqxojsprkzygwflviatu,20,m
qkyxcajgvzurtliewnhd,poqiyajgvrztlshwfxnd,26,n
csriqmkvyuezhnobadxp,eyvnzqfwgcpsdahxrmut,48,u
ikjaoqcbgtewfrdlsvmn,dhwfxyobreiclsmpzunj,25,q
aruoidnfcwbztgjpxkmv,ofeztdxhlrpuqwgvkcas,38,u
ivjaxmpnqsbylohfetuk,migfxzauehrtysnodvcp,27,a
cmdstepzlnghfrybjkvq,mwugbjihacdtlprqkesx,26,e
nbjsitzokrqflyeuhawv,sdnwvjfrqekpiotuxcbz,22,a
tzqubolpyigvaemjwxds,hyztdgmnwoufqrjicxab,47,k
amhsbytezdlnovigxcqf,lbqzstucfrikwxodeygm,35,u
letvfcuzykpbsrhqiwxd,tlwskfhriqeayzcmxbdu,36,x
cwhtxbdopqyfmklavsig,nydurpzsfgbeqlmcoixv,38,p
snwtzicaqyopkerdgmbx,hwugficradenqlzbmvyp,37,z
objsftzvyugawrecxhik,hcozunqxgpkafrmevtdw,50,m
dfzkhvjsqulripewbngx,klbtfemvdygcxqsznrpu,34,i
myorntwjlcaqvdzgfheb,maslcwfuytbznexpdqvk,23,w
mvbqsgxdwaclyhkjtzip,aselotjhkvmgnzbiydxr,22,a
fwugndkmvyoethxcpjzl,hscymdwtavpxnrugjfio,36,s
cqpkjgorwyxezatfnuvd,dumbsrkqngceawjflivz,37,n
krjetmczxihoafvdbylg,sdnwvjfrqekpiotuxcbz,32,g
objsftzvyugawrecxhik,xiyzvujgdrsaefwphkmn,32,t
amhsbytezdlnovigxcqf,yulpxbwqzctnigfhaovm,32,k
feqpxbgwcadmnhijulvz,zsnmhfejkqorcdgivyat,48,p
zvupmxgqoleyhrbticas,diqhwljerfosvmxbgapc,41,n
bzwryitepcnqkoaxmsju,qdbeyvzplkgunmwtsafo,36,u
zjatgcsbyxekfmhudnop,jbzdlaxhfrpmeuvtkqwy,37,h
vinskrxlodjpzqtmwgef,alydqurhpjnfscezkbgx,23,p
zvupmxgqoleyhrbticas,sxupktnqyofcimwherjl,36,q
xyvqroesbfzpmchigtwj,xfztnovcqlbsgujadiwh,23,e
qkeaoljhbyrdtcnguvfz,rkpiyzacgfmtelnvodxw,43,t
kufwmyatplvbgdzqonjr,aknqwgifochdpvjyesru,38,x
luvadgspnqmiwctzbhjy,ahtvcymdujfxelrkongw,41,k
hwugficradenqlzbmvyp,dpnrtbmswkaoyvxjuegz,25,f
hbsjgkmcpiorxeuaqvwz,whjckxfmzyodgeiparsq,38,o
qpjdcgblfwuovtmrzsia,yvrmbieshpqjzgnaxcfd,36,y
agjpcwyksbovedlqmthi,xenuzayftlcpjqgwsdvh,33,r
nofxragjpsziuhdwqytm,sheigznfcpbxuvdwqork,35,c
szgeancliqodrbwhkjyf,ivjaxmpnqsbylohfetuk,31,h
pgjevnxwhmrblqzodkic,nzjeomuywcrplqagixtf,50,m
imwkrvsxbjfupqzylgao,aknqwgifochdpvjyesru,46,g
dnepxzagfyritqbcwouj,xclpkzthfbqywjignues,29,b
cfhiqlxpvrgksyudeotz,ivjaxmpnqsbylohfetuk,48,m
sezlktqhnjpwcmiodygf,jmixuobqfveaynctgzhw,43,x
fschbpjlrwtminozyvkd,twvosguxeklmqzcbirph,48,i
axzjpiqfltgwedsmourv,diqhwljerfosvmxbgapc,44,k
crpzijfoaybdsqtnkgwm,gseplkanfhrtqdjcyboi,32,m
brgxtyehjkcilzuowspa,yiblmdfsxegntocqprha,24,l
itlkbaogmzqwrnydfvjs,zcrxehpbnkvjqyomaigu,45,x
rlmvxbufocpdzsnwkagj,xvwgipbrjktolsmuheac,26,c
grhpmxezkjditcysqwlv,ynfompkvsxhjuiwzdreg,35,n
vinskrxlodjpzqtmwgef,dumbsrkqngceawjflivz,43,l
hyztdgmnwoufqrjicxab,fldhciyteaskmvpzqrox,45,k
lwjtmbagcsdhqpouxkry,degpsqklnmfxizjhtbvy,27,e
xnizskfcowuvghlmqreb,tslbgknoqvwpacemuhjz,35,j
frbxywnledvhptukczqs,qxzaisgheyrmcvultjwo,26,v
xelowcziuydfqabmtphs,jqikfvxcbotapmrwdegu,45,h
qpjdcgblfwuovtmrzsia,pilfxvynwkgsbmhrtcao,20,v
kgpqvnlzjeoxduhsabyw,cnahrbqotfpzjksdvigy,33,u
vcflibenuxtkpszqjwrd,jesdmqbinkxgathcvwul,44,e
sfrubzcqpwvyxhiklgjt,twvosguxeklmqzcbirph,38,a
snwtzicaqyopkerdgmbx,bkmhezojyagwdpnxctfi,50,e
ivtxyceuakrbmnhsqpfw,caupmxokrlieshgybwfq,50,p
gdtwnfhalcveyoxkqipu,qpcjenvgramkhtsxyldb,41,i
kldyecuqtzwbpsxrfhvj,vbqitnockudpxyzfsghr,38,o
uriztcwanqsxopjekhvd,vcflibenuxtkpszqjwrd,48,t
ikshfexgbmynacwtdjou,bsnzpfigctdwjrkxavly,21,o
efwkpahqzgivtnuljdor,bhacvwgisjytqmudfope,34,o
qrfxocephavzudtisbkg,oydaisclpetfuwrnkjhv,27,w
knfqepxgvhdrlauyiwos,ahtvcymdujfxelrkongw,26,u
kzojsxlvwmcqenihufpr,gfcaurxnowekjzyqhsip,29,c
rkpiyzacgfmtelnvodxw,uzdrnkfbgesxjmhycptq,30,u
ebkdhxnaqmucizprfjyv,fqsomiypuedxvrwktabg,49,v
orubhvexwpfjmlszidkg,wquzkbgmdijastfepnvr,29,p
sjpdclraxziwnfmoutqy,pnudrcasgzqvwebfmjih,45,x
siomcevtqbfxpuyrnjal,hcozunqxgpkafrmevtdw,49,z
stlcugdnxvpfkahjrzwq,czqjswahgvpfyuokield,22,v
cqpkjgorwyxezatfnuvd,iaresblzqjhktxfnyouv,43,d
flvibcqwprusxtzhjyde,qoshauxtlewmzykpnvgb,40,m
dtfiogzqxskamjnbcely,rgyalbwfnxecvshqmpdo,30,m
krjetmczxihoafvdbylg,kytflsxqgeocudpirwav,34,m
cwhtxbdopqyfmklavsig,gdvfyhjqnkipesrwoxmz,38,e
aknqwgifochdpvjyesru,nmokbxvgfdpwqretscyl,39,a
gwojafuizevxkshnmtcd,szagikemqvdyxnwftpro,50,i
obuqeimdlwhazcgprsft,nwqgzixfodptbmsjrchy,44,e
dlfjuonzwbmqxahtsevk,uzdrnkfbgesxjmhycptq,32,x
fvtkqanoyljbzswudxgm,ohpgwvnukmrsxitbyazq,22,z
amofrsqbkvuxjgnlyhde,tvmrjglbweanquispfoh,48,p
fvlaseymthkpjugiqzrb,rlkjbtudegmpnhqfsaoy,22,u
gdtwnfhalcveyoxkqipu,alydqurhpjnfscezkbgx,20,b
jgdpcrheksmytaxnqzib,qmgenduwraicfszvkxlh,25,d
objsftzvyugawrecxhik,jkxsimbloapdwzcvfyre,23,e
rkgiajplvymtszhnufxe,xtreacgoqslfbwzhnkij,24,c
dtfiogzqxskamjnbcely,mqxojsprkzygwflviatu,46,w
ejdbtaxrpczlhyvkmwgf,wryapekivhlmsgjuctfo,38,a
snwtzicaqyopkerdgmbx,qkyxcajgvzurtliewnhd,45,i
migfxzauehrtysnodvcp,kjswvzbfopgxuqhnimce,43,m
vcxbznasdqrpfothikwl,zcrxehpbnkvjqyomaigu,44,f
kgpqvnlzjeoxduhsabyw,iaresblzqjhktxfnyouv,24,g
wzyxibnueapchdsqokjv,rgyalbwfnxecvshqmpdo,36,v
oydaisclpetfuwrnkjhv,dkmgaznvxtyrucoelhfj,25,f
levmafjypqcrwbsdnuot,qxzaisgheyrmcvultjwo,37,y
wilbzkuecftypaqmjndh,saphiowykcqnbvfdgljx,50,t
ivahntjgpyfeorklxzsb,whjckxfmzyodgeiparsq,21,n
cqpkjgorwyxezatfnuvd,racmdyeizgjvsolxhkbf,36,v
komabwxnptqzuijgfedr,rxbejytdcufmgvznpkwo,44,k
hnzcyvtgmsubprkejqfl,oktrwlqnavzcpefbuyhm,44,t
pqnkgmbxeohwcriftuza,ntdchejlfuzsoxaiqbwy,34,c
xfztnovcqlbsgujadiwh,nlhbfqzmkrwgotavducy,45,k
dnvhmapjsbeuklroiwzc,mwugbjihacdtlprqkesx,38,p
kxfzdjcyrpwubomasthe,gxhaziqvrdwcsmlunojp,20,a
xunfgsyarpokcldzwqvb,vshpcrklbinmjxuoafey,49,i
qrfxocephavzudtisbkg,hkjusqwxoezcprbdagvn,21,u
jozpihgbdktafwuqvcns,enbwpqgxjaizsmltrydk,41,v
pxuemraczqbhjlkndvyw,guqpcswmndzjavelrkht,40,h
zrgoqfcsiyumbvxktjnl,bltgmvonfkxzqudyrwap,39,o
stlcugdnxvpfkahjrzwq,wyrjqizdcbtmoelpaxuf,41,p
ezqaxwmrfbplhyvcnsik,tusekxgylpanhjdczqim,48,d
gdvfyhjqnkipesrwoxmz,ogydjlsthpnaimfcrbzq,42,s
axzjpiqfltgwedsmourv,kytflsxqgeocudpirwav,29,h
amofrsqbkvuxjgnlyhde,dumbsrkqngceawjflivz,25,p
szgeancliqodrbwhkjyf,ohpgwvnukmrsxitbyazq,43,r
ytfmqugvxswearpzhnol,oydaisclpetfuwrnkjhv,27,u
ntkefhqwmubazlpcgidx,lezwmtxsckjgiuovapyb,20,e
qaukinhrmpgbzwodfevj,efbnrzpwtckyxmdoqasg,25,z
uriztcwanqsxopjekhvd,bsnzpfigctdwjrkxavly,22,y
enbwpqgxjaizsmltrydk,amofrsqbkvuxjgnlyhde,28,b
amicjtfkwbovxhgzdusy,tpwbfmlcksyiujaqxvnh,32,d
jvmzspyaknoturfelqgd,dizuowhaelvrxycqpskf,36,q
orubhvexwpfjmlszidkg,wzyxibnueapchdsqokjv,22,y
lzqkswmrecfpubthovyd,splzehwornfiqgktdxjc,26,n
czqjswahgvpfyuokield,cotkzaqyxlrjwdmfngsi,43,u
imwkrvsxbjfupqzylgao,amrfveblwkhsgztudqxn,50,w
fqsomiypuedxvrwktabg,yiblmdfsxegntocqprha,23,y
xalkrfzvnopjigtuecqh,xvicswujqzmpnafokrdy,25,i
yuxnhfdksablqmpitezo,segvdobxhfiyatmrkpzu,23,o
kwvsdhytxnipqzjeragc,zsnmhfejkqorcdgivyat,43,v
xfztnovcqlbsgujadiwh,rkpiyzacgfmtelnvodxw,21,z
jkxsimbloapdwzcvfyre,qrakgznoftyvulpdmseh,45,d
fxeuhjbvklzwimcqgrps,phljxbmkdvrzwfaiygoc,20,p
yqwgvsroajzmdibhnfek,usfgxdzkbchaliqmveyo,49,d
nxhmsbqzgfdctukwivjr,vxfdzbraiyjmsgonwtuc,44,i
wconjdgqmebirxzuplkv,ikshfexgbmynacwtdjou,50,h
tzqubolpyigvaemjwxds,sgfyozqdphxmjbcuekil,31,z
brgxtyehjkcilzuowspa,gcilxfqnrkabthzouwej,49,n
syjrgfxobntehdwvmckz,zagetnlfxbryhjiwspdv,41,x
cshmgzfnxdrqietjplkw,fschbpjlrwtminozyvkd,24,v
cnahrbqotfpzjksdvigy,jlaqgpicevtbdmnzrhkf,44,r
ialmtpyowqbjszundrgk,rmaowtvdnuyhebxjpczk,28,d
nbjsitzokrqflyeuhawv,fxeuhjbvklzwimcqgrps,26,v
otxprbkfdvcihwznjema,ubswqpmoftjnvlriyzxc,39,n
zsnmhfejkqorcdgivyat,wmexoauvnylqgfscrjhi,28,z
jtiqokmugxbrhdyefplw,adovxqlhfmnpucyzwisr,24,a
vinskrxlodjpzqtmwgef,iysjwkfuxapgvclbzhnd,47,v
pfwuacjbkrstgvdmloni,zusvmkjxptgeiynblcaw,50,k
dvrualjtzimqwpehbfon,cotkzaqyxlrjwdmfngsi,49,x
gnwlxcsquybpzmkifhto,kzojsxlvwmcqenihufpr,47,j
wriofzkltqmdesuvgyax,ezqaxwmrfbplhyvcnsik,34,q
gbtuadcfpynoehwjlxsi,azsjyxirweultqcobfvm,30,t
tzqubolpyigvaemjwxds,pxdkmfhbozqretysaclw,38,i
letvfcuzykpbsrhqiwxd,zmiukqrvdolyptahwxnb,28,q
loamwbizsuektnxvhcjg,aqpcelwkdtrzvuximfgb,49,b
fqsomiypuedxvrwktabg,segvdobxhfiyatmrkpzu,43,e
qdbeyvzplkgunmwtsafo,ntdchejlfuzsoxaiqbwy,33,k
xygokmfzntjipvhbqawc,akbjtnxpmqgswrdzulif,43,m
tiykzdlbwcvpuagrfnqh,xysvtiaqgeuzdhnlofbm,35,y
zbndvgepxyqfklorwjta,dgrqzfkinhwovcalepsb,31,g
nsjfxucglkdzaprqemby,xnkovtbpszhymfwleraj,38,a
xkwbvrhocuzagmjflidp,lqdafvkeipsbghyocjnt,49,j
vcxbznasdqrpfothikwl,dregimhfykbwzastpujo,26,s
fdvcsazymqehwglnixtb,tusekxgylpanhjdczqim,27,q
qopsmazcuewvkrjbnlyf,fxjckrguwdstoilnqeva,29,g
jtiqokmugxbrhdyefplw,lzqkswmrecfpubthovyd,46,p
zsnmhfejkqorcdgivyat,cqpkjgorwyxezatfnuvd,38,m
mtucxfvpalkqenodwjyg,wdrngkmqevoxclbhjpiy,43,v
lzqkswmrecfpubthovyd,efwkpahqzgivtnuljdor,21,e
tlwskfhriqeayzcmxbdu,yvrmbieshpqjzgnaxcfd,27,y
xiujawrpzscfentdbylh,ljrvzswunythcpemoifa,46,j
euibqmojcgfhpszxndwy,cpybqrfsdklvwnuamijz,43,b
rihsamkqtxnwjzdclgpf,grvicpetfznuxwayjsob,32,l
agjpcwyksbovedlqmthi,ivahntjgpyfeorklxzsb,27,n
crpzijfoaybdsqtnkgwm,qbohkzlysgdawexuftrn,25,j
xownvuypcsidarfjqzml,lavgtchyubonpsqwmfie,27,h
xvicswujqzmpnafokrdy,bhacvwgisjytqmudfope,25,j
fyxsoqmnauvcbjdhtlze,xalkrfzvnopjigtuecqh,43,x
whrblpyscjxmeqvukont,kwvsdhytxnipqzjeragc,26,q
ixgnqefpyctlaorzbdwu,vbqitnockudpxyzfsghr,49,y
wyrjqizdcbtmoelpaxuf,izyobanfhrusqwljpvxg,31,a
cwhtxbdopqyfmklavsig,ytfmqugvxswearpzhnol,27,p
gnwlxcsquybpzmkifhto,prasfudztmnylkjvxhec,22,v
xownvuypcsidarfjqzml,azkbhwislfeojumvrtgp,50,e
cmdstepzlnghfrybjkvq,oktrwlqnavzcpefbuyhm,48,k
sgfyozqdphxmjbcuekil,szagikemqvdyxnwftpro,31,m
rfgobeyhwmatncdvsjiq,csriqmkvyuezhnobadxp,38,p
qaukinhrmpgbzwodfevj,kytflsxqgeocudpirwav,23,n
cfhiqlxpvrgksyudeotz,ynfompkvsxhjuiwzdreg,37,i
krayqubzjldphovecigw,dumbsrkqngceawjflivz,31,j
eyuwjfkrqaxnphlvzodb,tgwnizsrojflcxdhaekm,47,v
wzyxibnueapchdsqokjv,aruoidnfcwbztgjpxkmv,33,l
dizuowhaelvrxycqpskf,hcpdgbtajqfvkoirxeum,36,z
jbypmniexfhwvokcrqda,dtfiogzqxskamjnbcely,44,f
gvtdbmuljyqhanpxfeiz,xtreacgoqslfbwzhnkij,38,k
nbxmjravwscdylhqteof,maslcwfuytbznexpdqvk,48,m
rlkjbtudegmpnhqfsaoy,jqikfvxcbotapmrwdegu,44,q
rdlotvqjnzmbhpgsayuw,jdqekriagoxyncwzlstp,23,j
vtfbysacezwkujhmrpol,qxuwkahpgjblfzdoiyvc,38,k
usfmngiordjpqlchtybw,khtnwbifplcaoysuqzmr,42,g
ntkefhqwmubazlpcgidx,pxdkmfhbozqretysaclw,32,i
pfwuacjbkrstgvdmloni,dcqkebvawpofnjzhmgrl,41,q
bglszfkchoywtqaedmui,zknrsmjxavqibgfcwuyo,35,a
fdgtiuhnmpvjbrweloxa,lirfcahpstxbgmkovuyq,45,a
rfgobeyhwmatncdvsjiq,prmbacjfxugdvzteonlk,33,j
qpcjenvgramkhtsxyldb,kcdeiqxygonumhjsvart,49,r
hnpikqlsgcbfojdxzemr,rmaowtvdnuyhebxjpczk,41,h
fwugndkmvyoethxcpjzl,hnpikqlsgcbfojdxzemr,30,t
kmevnsaozfxycpuljqbg,zwloictpgxysaerdnukf,30,q
fyxsoqmnauvcbjdhtlze,fqsomiypuedxvrwktabg,28,o
czqjswahgvpfyuokield,dumbsrkqngceawjflivz,46,x
gwojafuizevxkshnmtcd,ubswqpmoftjnvlriyzxc,29,t
bltgmvonfkxzqudyrwap,whjckxfmzyodgeiparsq,48,w
loamwbizsuektnxvhcjg,rytpwgosleaqjfbzumih,23,z
sheigznfcpbxuvdwqork,bqzsomjpdwenyrlhfxtc,28,j
yqwgvsroajzmdibhnfek,fschbpjlrwtminozyvkd,41,l
spnjahylbxqtkdfwrgie,rdyhazlqcwxstkpmejfo,38,j
flpyicuqavzgrxsmtkdh,bltgmvonfkxzqudyrwap,41,c
ebkdhxnaqmucizprfjyv,wzyxibnueapchdsqokjv,46,y
wkgxdubomlhrtqcvnzja,efbnrzpwtckyxmdoqasg,27,o
yfdqnzpauxsmokebrwgj,itwcayzvrpgdkfhsoqme,21,a
xalkrfzvnopjigtuecqh,rmaowtvdnuyhebxjpczk,46,v
ivjaxmpnqsbylohfetuk,qynmgizcvkpxsfrtdeua,39,w
zsnmhfejkqorcdgivyat,enuskmpijwfgoztqrxba,33,g
gnxdhfsjpqkotabrmiye,bhacvwgisjytqmudfope,35,f
jkxsimbloapdwzcvfyre,mqxojsprkzygwflviatu,49,t
wosxzkdrqcgjvaepbilt,tcogvfaekuyixzmbjshd,34,w
hufjienokmzvxrwbcglq,tzqubolpyigvaemjwxds,45,x
sfrubzcqpwvyxhiklgjt,yqcnadmzilxfkteubhjp,44,y
ntkefhqwmubazlpcgidx,rcgqjnshldxkftpzbeyi,28,u
qmgenduwraicfszvkxlh,qbohkzlysgdawexuftrn,50,j
uzebsorwchqkdlptfyax,feqpxbgwcadmnhijulvz,30,h
rdyhazlqcwxstkpmejfo,amrfveblwkhsgztudqxn,27,r
whrblpyscjxmeqvukont,yvrmbieshpqjzgnaxcfd,27,e
qopsmazcuewvkrjbnlyf,cotkzaqyxlrjwdmfngsi,22,n
tzevduscngmbjkhqyofi,peyotxwszlvjcfdgukrb,31,g
knfqepxgvhdrlauyiwos,jhfdzxcgvslwpqtokeua,44,g
ytglqvwzdumijeosnbcr,hcpdgbtajqfvkoirxeum,31,y
hufjienokmzvxrwbcglq,dumbsrkqngceawjflivz,50,k
mtucxfvpalkqenodwjyg,gnwlxcsquybpzmkifhto,25,s
zjatgcsbyxekfmhudnop,gfcaurxnowekjzyqhsip,30,i
ydrtknwbapzcohuliqjs,jdqekriagoxyncwzlstp,39,z
cnxyeljqdauiwzpfhsko,yvrmbieshpqjzgnaxcfd,27,y
ivahntjgpyfeorklxzsb,axnwlyczqfmujiegohrk,38,f
wriofzkltqmdesuvgyax,racmdyeizgjvsolxhkbf,23,w
vcflibenuxtkpszqjwrd,nsvmptrkhajdoieqblxu,28,h
cfjweulmbrsodxkivnth,fvlaseymthkpjugiqzrb,22,j
efwkpahqzgivtnuljdor,teoicjwvfukyzlxsqgdn,40,q
kosznadvcxbljurhmyep,fdgtiuhnmpvjbrweloxa,46,z
gvtdbmuljyqhanpxfeiz,vwskdphrzxujmibnetgo,26,o
dfzkhvjsqulripewbngx,gfnijlbaxhopdkstmzyr,47,l
jwbxunmylcfvahdkgros,khcebtjugfraiowydvxp,24,l
oktrwlqnavzcpefbuyhm,dhczexmgtylijrpnvufs,27,l
vcflibenuxtkpszqjwrd,dwfabjxhlqscnomgveti,24,m
prasfudztmnylkjvxhec,xvicswujqzmpnafokrdy,28,w
fxeuhjbvklzwimcqgrps,opmqlakjicgtyfzrubdw,34,v
qkeaoljhbyrdtcnguvfz,uazgxvdlsfmbytcrejow,38,l
jscgrxmikwltdoqveapz,zusvmkjxptgeiynblcaw,41,z
sifcavltoqgyxerwdjmn,pzsgdqmbyfvwoeutinlh,25,k
ikjaoqcbgtewfrdlsvmn,jwbxunmylcfvahdkgros,26,f
dfzkhvjsqulripewbngx,ndckgjyqiaxtmhulbrov,37,o
pilfxvynwkgsbmhrtcao,diqhwljerfosvmxbgapc,26,k
dtfiogzqxskamjnbcely,elcnhmzqyiksfvtoxawp,36,q
brgxtyehjkcilzuowspa,jbypmniexfhwvokcrqda,45,m
nydurpzsfgbeqlmcoixv,jgdpcrheksmytaxnqzib,41,l
kwvsdhytxnipqzjeragc,jbzdlaxhfrpmeuvtkqwy,40,q
nvlpeqmwytzkabfsdhcj,efbnrzpwtckyxmdoqasg,44,n
qxzaisgheyrmcvultjwo,xysvtiaqgeuzdhnlofbm,32,b
ytglqvwzdumijeosnbcr,fyxsoqmnauvcbjdhtlze,41,y
qasmyudrejcopkhwgtbl,xkrtgcdazvmsneuohwiy,43,j
qkeaoljhbyrdtcnguvfz,tmwhgypuvzdeqikfrocb,40,i
htlapymuxfecvkzgwjso,wosxzkdrqcgjvaepbilt,37,l
pylsviuenjbtwqkarzom,sfrubzcqpwvyxhiklgjt,47,f
egcfjhvwkmxdiloubsan,grhpmxezkjditcysqwlv,33,l
nbjsitzokrqflyeuhawv,imwkrvsxbjfupqzylgao,39,d
fswhcltpimadkuxenojg,rgyalbwfnxecvshqmpdo,36,s
jbypmniexfhwvokcrqda,fvlaseymthkpjugiqzrb,23,f
pclsvfdwzbjirgxtuanq,fschbpjlrwtminozyvkd,43,g
gvtdbmuljyqhanpxfeiz,najrmvfxgsbtuwoclzeh,47,t
amofrsqbkvuxjgnlyhde,tkycalrvdwmpjbfunqhe,44,b
qxzaisgheyrmcvultjwo,ejdbtaxrpczlhyvkmwgf,25,g
hyztdgmnwoufqrjicxab,iokwamghlesjytzqxcvd,28,s
iokwamghlesjytzqxcvd,yvrmbieshpqjzgnaxcfd,40,e
aqpcelwkdtrzvuximfgb,efbnrzpwtckyxmdoqasg,37,g
lbqzstucfrikwxodeygm,lavgtchyubonpsqwmfie,32,m
loamwbizsuektnxvhcjg,gseplkanfhrtqdjcyboi,48,n
lqdafvkeipsbghyocjnt,uzdrnkfbgesxjmhycptq,21,q
xvwgipbrjktolsmuheac,khtnwbifplcaoysuqzmr,46,a
cshmgzfnxdrqietjplkw,egcfjhvwkmxdiloubsan,26,g
salhntvyofxrjmwcdgiu,guqpcswmndzjavelrkht,48,t
nydurpzsfgbeqlmcoixv,czqjswahgvpfyuokield,42,t
qxcjrvaeztdfpukgwsib,efbnrzpwtckyxmdoqasg,35,m
swrpjdecalginxqvuhmt,jdnezfqbmguwtylhrika,46,r
rucvjqoghkiytabmznew,lcuegsfajbzvmhqyixrw,38,z
pszlrxvawbdgjfcymoeh,fxgczjriyedtvlmsaquw,27,q
vcxbznasdqrpfothikwl,jesdmqbinkxgathcvwul,20,t
nxmvsbkagltjrhyfqeuz,degpsqklnmfxizjhtbvy,23,h
gcotjnlrqwbyhfkzidas,gnxdhfsjpqkotabrmiye,48,o
loamwbizsuektnxvhcjg,aruoidnfcwbztgjpxkmv,32,f
ygqpnuxtridkmbwzlcea,zmbcapxoygehrlukidfj,38,a
snwtzicaqyopkerdgmbx,qrakgznoftyvulpdmseh,36,v
kvhelzytaucjbqrwifgd,cfhiqlxpvrgksyudeotz,38,m
ygqpnuxtridkmbwzlcea,waycdmetiquxspzrjfhv,47,b
rkgiajplvymtszhnufxe,onkrcgbjhvtdflmuipsz,47,p
kmevnsaozfxycpuljqbg,zagetnlfxbryhjiwspdv,40,s
spnjahylbxqtkdfwrgie,pylsviuenjbtwqkarzom,37,h
opmqlakjicgtyfzrubdw,elqvtkoghzsnbdpjurxf,38,x
aikyjvgfbodnctulshmz,whjckxfmzyodgeiparsq,44,e
ajugoslnqvwkpxfdhrce,qanmbufigezoxsjdypvw,28,a
gdtwnfhalcveyoxkqipu,lhgvzeunaxytdsjipbcq,36,z
xunfgsyarpokcldzwqvb,wmexoauvnylqgfscrjhi,48,n
sxupktnqyofcimwherjl,uazgxvdlsfmbytcrejow,45,z
iaresblzqjhktxfnyouv,grhpmxezkjditcysqwlv,37,m
ntkefhqwmubazlpcgidx,lcuegsfajbzvmhqyixrw,49,y
azsjyxirweultqcobfvm,kzojsxlvwmcqenihufpr,32,s
ynkpdigmshbrwlzjecfo,uzbspmvcqiotayjehlfw,50,t
ikshfexgbmynacwtdjou,hqzlbdkparnmieugotfs,23,r
igyswhncpkbuqfoejxmd,ialmtpyowqbjszundrgk,22,e
bltgmvonfkxzqudyrwap,qmgenduwraicfszvkxlh,41,q
nxhmsbqzgfdctukwivjr,twvosguxeklmqzcbirph,27,x
cfhiqlxpvrgksyudeotz,fazclnjyxviegptshdwq,39,q
azkbhwislfeojumvrtgp,caupmxokrlieshgybwfq,36,y
pilfxvynwkgsbmhrtcao,gfnijlbaxhopdkstmzyr,20,r
npcztlobryvsdgiehkaf,nsvmptrkhajdoieqblxu,31,z
asftxkpegiuhwjnboycm,lbqzstucfrikwxodeygm,32,p
fvtkqanoyljbzswudxgm,rytpwgosleaqjfbzumih,31,i
amofrsqbkvuxjgnlyhde,knfqepxgvhdrlauyiwos,25,q
bwfdepxyajzluvqhgosi,salhntvyofxrjmwcdgiu,32,l
hscymdwtavpxnrugjfio,whjckxfmzyodgeiparsq,26,y
siomcevtqbfxpuyrnjal,hqzlbdkparnmieugotfs,49,z
dfzkhvjsqulripewbngx,lsmwngkatvizjopubxrh,47,l
cfgskylnateoixjzwbud,izyobanfhrusqwljpvxg,40,c
xfztnovcqlbsgujadiwh,ljrvzswunythcpemoifa,30,n
amhsbytezdlnovigxcqf,kgpqvnlzjeoxduhsabyw,48,r
usfgxdzkbchaliqmveyo,gnxdhfsjpqkotabrmiye,34,z
flyrtxmaeskvjindohzg,werfzylotxamhvcibjqg,33,t
snwtzicaqyopkerdgmbx,hnzcyvtgmsubprkejqfl,45,c
cpewblsjadkmzhfvnoxr,migfxzauehrtysnodvcp,46,u
fvlaseymthkpjugiqzrb,zmiukqrvdolyptahwxnb,41,w
ejdbtaxrpczlhyvkmwgf,egcfjhvwkmxdiloubsan,40,t
vcxbznasdqrpfothikwl,xshqwcombejnvgatfdkp,34,k
fswhcltpimadkuxenojg,ebkdhxnaqmucizprfjyv,38,s
rihsamkqtxnwjzdclgpf,ejdbtaxrpczlhyvkmwgf,30,s
cmdstepzlnghfrybjkvq,fschbpjlrwtminozyvkd,43,g
dhwfxyobreiclsmpzunj,vtfbysacezwkujhmrpol,26,e
xnizskfcowuvghlmqreb,twvosguxeklmqzcbirph,23,x
btapzrfmlqsweicugxvo,fldhciyteaskmvpzqrox,47,x
rdyhazlqcwxstkpmejfo,rdlotvqjnzmbhpgsayuw,21,f
azkbhwislfeojumvrtgp,ezqaxwmrfbplhyvcnsik,43,u
yulpxbwqzctnigfhaovm,ohpgwvnukmrsxitbyazq,35,o
btapzrfmlqsweicugxvo,aruoidnfcwbztgjpxkmv,38,x
dnerjzmukcysavxwhifg,hzbkaqydtofljvgmcruw,29,o
xyvqroesbfzpmchigtwj,iokwamghlesjytzqxcvd,42,z
nbxmjravwscdylhqteof,ocixeztudypbnjaqhkfw,42,x
zmiukqrvdolyptahwxnb,jdqekriagoxyncwzlstp,41,a
ajgfuwvzcplndqysxikh,iysjwkfuxapgvclbzhnd,34,f
ytfmqugvxswearpzhnol,mvisfkdputogacyexwhq,26,q
zmiukqrvdolyptahwxnb,rcgqjnshldxkftpzbeyi,38,b
bltgmvonfkxzqudyrwap,dnxlkjvmspogeurihwyq,46,s
mybuvfdctwsqxgealhnk,opterqjwhcuxgsbzkfdi,22,k
stlcugdnxvpfkahjrzwq,xunfgsyarpokcldzwqvb,50,d
rlmvxbufocpdzsnwkagj,gcilxfqnrkabthzouwej,20,m
lzqkswmrecfpubthovyd,rdezxlyogmaqchwnfbsj,21,o
pilfxvynwkgsbmhrtcao,teoicjwvfukyzlxsqgdn,21,j
cshmgzfnxdrqietjplkw,mvisfkdputogacyexwhq,31,c
xiujawrpzscfentdbylh,diqhwljerfosvmxbgapc,38,k
dhwfxyobreiclsmpzunj,rdlotvqjnzmbhpgsayuw,30,a
xygokmfzntjipvhbqawc,qkyxcajgvzurtliewnhd,38,q
tzqubolpyigvaemjwxds,hgepoytjkwdcslazrubf,30,p
usfgxdzkbchaliqmveyo,wkgxdubomlhrtqcvnzja,48,o
lwjtmbagcsdhqpouxkry,rucvjqoghkiytabmznew,40,t
knfqepxgvhdrlauyiwos,izyobanfhrusqwljpvxg,32,b
jmixuobqfveaynctgzhw,ohpgwvnukmrsxitbyazq,29,t
ntkefhqwmubazlpcgidx,tkycalrvdwmpjbfunqhe,29,g
ocixeztudypbnjaqhkfw,hscymdwtavpxnrugjfio,37,u
mjwuksacezlrfdtxbipv,usfgxdzkbchaliqmveyo,49,k
tslbgknoqvwpacemuhjz,gidvtsouyjbzrwhnaklf,34,v
qxpeysafzwbutglvrmih,peyotxwszlvjcfdgukrb,43,v
ykarwclounsbpfjqzimt,alydqurhpjnfscezkbgx,27,v
igyswhncpkbuqfoejxmd,amrfveblwkhsgztudqxn,21,m
asftxkpegiuhwjnboycm,ynfompkvsxhjuiwzdreg,34,j
khtnwbifplcaoysuqzmr,yvrmbieshpqjzgnaxcfd,39,h
dgrqzfkinhwovcalepsb,mjwuksacezlrfdtxbipv,37,v
jtiqokmugxbrhdyefplw,ikshfexgbmynacwtdjou,41,x
alqjmzubxodgftkriepy,lezwmtxsckjgiuovapyb,35,p
jozpihgbdktafwuqvcns,qanmbufigezoxsjdypvw,23,q
ntkefhqwmubazlpcgidx,cmdstepzlnghfrybjkvq,23,p
syjrgfxobntehdwvmckz,iysjwkfuxapgvclbzhnd,21,k
ynkpdigmshbrwlzjecfo,vghinpdmqzjcrofxtkyl,50,m
vtfbysacezwkujhmrpol,ntdchejlfuzsoxaiqbwy,50,r
bkmhezojyagwdpnxctfi,pfklmivehxcdtqbrwson,34,x
nbxmjravwscdylhqteof,gvtdbmuljyqhanpxfeiz,41,e
luvadgspnqmiwctzbhjy,kzojsxlvwmcqenihufpr,38,t
qpjdcgblfwuovtmrzsia,jlaqgpicevtbdmnzrhkf,32,q
dujmezoqfinxsbcwatgv,bndwheyxkcjqzoifalgs,25,j
amhsbytezdlnovigxcqf,oytjrbmpdxzhalwnukqc,45,o
qkeaoljhbyrdtcnguvfz,bglszfkchoywtqaedmui,48,p
ynkpdigmshbrwlzjecfo,tgwnizsrojflcxdhaekm,35,g
lirfcahpstxbgmkovuyq,efwkpahqzgivtnuljdor,42,z
cnahrbqotfpzjksdvigy,rspzbxgniojlkmcyuteq,49,y
nbjsitzokrqflyeuhawv,adovxqlhfmnpucyzwisr,39,o
hwugficradenqlzbmvyp,qanmbufigezoxsjdypvw,27,g
nofxragjpsziuhdwqytm,hscymdwtavpxnrugjfio,28,b
avxlrwphetoizmncqbdk,fajvypzxcngbkhmiestw,46,k
loamwbizsuektnxvhcjg,wkgxdubomlhrtqcvnzja,48,c
dzxljiupchgvenofkbst,hlpbvcsuwadmezkyinjx,22,j
ixgnqefpyctlaorzbdwu,kytflsxqgeocudpirwav,25,c
ivtxyceuakrbmnhsqpfw,loamwbizsuektnxvhcjg,44,l
frbxywnledvhptukczqs,swrpjdecalginxqvuhmt,31,p
hikwcfgutlqansezdpjb,xunfgsyarpokcldzwqvb,27,k
qopsmazcuewvkrjbnlyf,xiyzvujgdrsaefwphkmn,36,g
ivtxyceuakrbmnhsqpfw,tgpqbjdsuokhynmwflvc,39,d
zcfjiaylktvgqhwxubde,zjatgcsbyxekfmhudnop,45,z
lyhbcfwvtqsjekrzgnpd,izmvgxhqdpftlaysbuek,49,g
wzbvsapmlxkfgynijutq,ynfompkvsxhjuiwzdreg,28,o
cshmgzfnxdrqietjplkw,cqpxnuvbshyezlimjwto,48,d
yurcpoigxaenmlkwbjds,avxlrwphetoizmncqbdk,39,e
hmixlboevjwctpayusgz,jpmgbxealhncwqkysduz,41,k
mjfcuxnhwrqkglyspbzi,dizuowhaelvrxycqpskf,43,y
ubipjvwrhglxkmnzcoqy,prmbacjfxugdvzteonlk,36,c
izyobanfhrusqwljpvxg,omeltaxrdczjfhnkwyvp,37,m
lwjtmbagcsdhqpouxkry,bhacvwgisjytqmudfope,29,k
izmvgxhqdpftlaysbuek,najrmvfxgsbtuwoclzeh,22,x
pmyihzxlvgfebcrutqks,amofrsqbkvuxjgnlyhde,50,w
kcoargpbwdzmvhluytix,fxgczjriyedtvlmsaquw,49,f
azkbhwislfeojumvrtgp,xnkovtbpszhymfwleraj,46,f
lwjtmbagcsdhqpouxkry,qwfketcuildszhbvopmy,29,c
azkbhwislfeojumvrtgp,waycdmetiquxspzrjfhv,32,h
gdtwnfhalcveyoxkqipu,eyuwjfkrqaxnphlvzodb,40,n
mjfcuxnhwrqkglyspbzi,avxlrwphetoizmncqbdk,32,k
zrgoqfcsiyumbvxktjnl,xkrtgcdazvmsneuohwiy,47,p
tusekxgylpanhjdczqim,vghinpdmqzjcrofxtkyl,30,o
yqcnadmzilxfkteubhjp,xshqwcombejnvgatfdkp,32,c
usfmngiordjpqlchtybw,vwskdphrzxujmibnetgo,34,d
waqfcrnsuzyhxlbivtgo,fvlaseymthkpjugiqzrb,25,m
kxfzdjcyrpwubomasthe,kcdeiqxygonumhjsvart,45,l
qxzaisgheyrmcvultjwo,ntdchejlfuzsoxaiqbwy,41,f
qkeaoljhbyrdtcnguvfz,tkycalrvdwmpjbfunqhe,49,y
imwkrvsxbjfupqzylgao,vhlsnzrdfbipgwotxuqm,43,e
qanmbufigezoxsjdypvw,kzojsxlvwmcqenihufpr,47,q
lkvabwjemtsipnfdzyxq,yxojrtdskneubaqzilgv,27,c
uriztcwanqsxopjekhvd,salhntvyofxrjmwcdgiu,23,u
diqhwljerfosvmxbgapc,itlkbaogmzqwrnydfvjs,27,k
rgyalbwfnxecvshqmpdo,yvrmbieshpqjzgnaxcfd,32,b
lsmwngkatvizjopubxrh,fldhciyteaskmvpzqrox,44,g
gcotjnlrqwbyhfkzidas,zvupmxgqoleyhrbticas,22,l
qxpeysafzwbutglvrmih,dhomiuwbsqytgfvkcxne,28,p
dpnrtbmswkaoyvxjuegz,bndwheyxkcjqzoifalgs,24,c
rfgobeyhwmatncdvsjiq,ivjaxmpnqsbylohfetuk,46,w
wconjdgqmebirxzuplkv,lhgvzeunaxytdsjipbcq,37,u
qopsmazcuewvkrjbnlyf,ocixeztudypbnjaqhkfw,29,l
xelowcziuydfqabmtphs,bltgmvonfkxzqudyrwap,33,a
wzbvsapmlxkfgynijutq,hyztdgmnwoufqrjicxab,22,l
fzrbxgsuvpjkeiyhoqan,grhpmxezkjditcysqwlv,37,v
uiqmvgxnyafpzkjeoblc,gcilxfqnrkabthzouwej,38,y
szgeancliqodrbwhkjyf,ialmtpyowqbjszundrgk,39,m
ytglqvwzdumijeosnbcr,zmbcapxoygehrlukidfj,40,i
qpjdcgblfwuovtmrzsia,nydurpzsfgbeqlmcoixv,20,s
evlkczhbarxdfuwtmnjy,mtucxfvpalkqenodwjyg,28,p
lwjtmbagcsdhqpouxkry,shwmdcblzkrfuvajtgip,39,b
tgwnizsrojflcxdhaekm,yqcnadmzilxfkteubhjp,49,p
nydurpzsfgbeqlmcoixv,oytjrbmpdxzhalwnukqc,42,a
tusekxgylpanhjdczqim,efbnrzpwtckyxmdoqasg,34,k
zsnmhfejkqorcdgivyat,rmaowtvdnuyhebxjpczk,49,i
jkxsimbloapdwzcvfyre,xlbtcvmqsrzikgyufwdn,47,g
ojacwfrbtlxpydgzkmhq,efwkpahqzgivtnuljdor,47,l
gdvfyhjqnkipesrwoxmz,twvosguxeklmqzcbirph,45,z
tpwbfmlcksyiujaqxvnh,hwrglsdipuonfajkebyz,30,m
objsftzvyugawrecxhik,myorntwjlcaqvdzgfheb,33,w
usfgxdzkbchaliqmveyo,itwcayzvrpgdkfhsoqme,39,t
otxprbkfdvcihwznjema,qaukinhrmpgbzwodfevj,21,a
wegkvzlucsadxhmiotnq,lyhjcwqxismdkboaptrv,40,q
alydqurhpjnfscezkbgx,hoxzusvibdpflkejwtay,21,e
fswhcltpimadkuxenojg,usfmngiordjpqlchtybw,25,k
nofxragjpsziuhdwqytm,eyluctqzpavmirjgxsbk,33,l
zrgoqfcsiyumbvxktjnl,dregimhfykbwzastpujo,48,j
qrfxocephavzudtisbkg,qynmgizcvkpxsfrtdeua,39,m
wmexoauvnylqgfscrjhi,mqxojsprkzygwflviatu,31,x
lwjtmbagcsdhqpouxkry,fxeuhjbvklzwimcqgrps,47,h
stlcugdnxvpfkahjrzwq,uazgxvdlsfmbytcrejow,22,t
ogydjlsthpnaimfcrbzq,mqxojsprkzygwflviatu,24,q
pfklmivehxcdtqbrwson,elcnhmzqyiksfvtoxawp,35,e
htlapymuxfecvkzgwjso,hscymdwtavpxnrugjfio,48,x
dgrqzfkinhwovcalepsb,gdvfyhjqnkipesrwoxmz,35,x
sbgxthizdlfmoapqcvje,bkmhezojyagwdpnxctfi,22,n
hufjienokmzvxrwbcglq,shwmdcblzkrfuvajtgip,39,x
dgrqzfkinhwovcalepsb,dregimhfykbwzastpujo,40,g
nhiudxgetspmzfrvyoql,wekamjgidtpvnqofzxsu,46,h
lkvabwjemtsipnfdzyxq,tmwhgypuvzdeqikfrocb,46,z
kvhelzytaucjbqrwifgd,mqxojsprkzygwflviatu,44,k
qxcjrvaeztdfpukgwsib,lezwmtxsckjgiuovapyb,46,j
klbvjdqoepucrfmgwazx,elqvtkoghzsnbdpjurxf,35,h
nzjeomuywcrplqagixtf,kwvsdhytxnipqzjeragc,47,t
ubswqpmoftjnvlriyzxc,dpnrtbmswkaoyvxjuegz,41,y
vhlsnzrdfbipgwotxuqm,izyobanfhrusqwljpvxg,22,n
shwmdcblzkrfuvajtgip,fajvypzxcngbkhmiestw,33,w
aselotjhkvmgnzbiydxr,nlhbfqzmkrwgotavducy,37,l
myorntwjlcaqvdzgfheb,gcilxfqnrkabthzouwej,44,h
yepmwtbdklrzaucxqhoi,tvmrjglbweanquispfoh,46,i
krayqubzjldphovecigw,werfzylotxamhvcibjqg,21,q
bhacvwgisjytqmudfope,uazgxvdlsfmbytcrejow,33,l
saphiowykcqnbvfdgljx,klbtfemvdygcxqsznrpu,49,l
ivtxyceuakrbmnhsqpfw,ygqpnuxtridkmbwzlcea,22,v
flyrtxmaeskvjindohzg,dwfabjxhlqscnomgveti,48,e
kgonwuapbfvzdcsxehml,nlhbfqzmkrwgotavducy,23,y
amofrsqbkvuxjgnlyhde,jgdpcrheksmytaxnqzib,26,r
tlwskfhriqeayzcmxbdu,akbjtnxpmqgswrdzulif,41,x
gwojafuizevxkshnmtcd,yfuiadoewprbgvskmqxn,33,n
igyswhncpkbuqfoejxmd,krayqubzjldphovecigw,47,h
dnerjzmukcysavxwhifg,dfzkhvjsqulripewbngx,24,a
nxmvsbkagltjrhyfqeuz,qdzbfogxvlnmwjiuakrp,38,x
nsjfxucglkdzaprqemby,izyobanfhrusqwljpvxg,42,e
amofrsqbkvuxjgnlyhde,najrmvfxgsbtuwoclzeh,24,c
nwqgzixfodptbmsjrchy,qpcjenvgramkhtsxyldb,23,z
tzevduscngmbjkhqyofi,ezqaxwmrfbplhyvcnsik,21,y
racmdyeizgjvsolxhkbf,cotkzaqyxlrjwdmfngsi,35,h
xsmyiqobuftwphzjcrge,icdqjguavzmlonbswkyx,47,k
gdtkljexvhiqpmzfcswa,cqpxnuvbshyezlimjwto,45,p
vcxbznasdqrpfothikwl,lezwmtxsckjgiuovapyb,23,z
pmyihzxlvgfebcrutqks,hwrglsdipuonfajkebyz,43,s
sifcavltoqgyxerwdjmn,dcqkebvawpofnjzhmgrl,46,a
prasfudztmnylkjvxhec,ohpgwvnukmrsxitbyazq,21,c
diqhwljerfosvmxbgapc,jdnezfqbmguwtylhrika,24,h
crpzijfoaybdsqtnkgwm,opmqlakjicgtyfzrubdw,47,n
rxbejytdcufmgvznpkwo,mfzswdqvhorblctxgpnu,37,y
fdvcsazymqehwglnixtb,salhntvyofxrjmwcdgiu,34,j
pmyihzxlvgfebcrutqks,iokwamghlesjytzqxcvd,49,s
aselotjhkvmgnzbiydxr,hwugficradenqlzbmvyp,43,t
qasmyudrejcopkhwgtbl,snrzmfvykhcjwglueaxt,40,n
viozqsufetbryhmxnawk,kcoargpbwdzmvhluytix,42,o
zegfpnaicxsokhjvuqby,ejdbtaxrpczlhyvkmwgf,32,c
omeltaxrdczjfhnkwyvp,efbnrzpwtckyxmdoqasg,28,k
sjpdclraxziwnfmoutqy,cfhiqlxpvrgksyudeotz,24,x
nxhmsbqzgfdctukwivjr,zknrsmjxavqibgfcwuyo,33,d
zghmcksayiorlxpjbfne,ogydjlsthpnaimfcrbzq,34,b
azkbhwislfeojumvrtgp,ogydjlsthpnaimfcrbzq,32,o
evlkczhbarxdfuwtmnjy,rkgiajplvymtszhnufxe,46,h
nxmvsbkagltjrhyfqeuz,hlpbvcsuwadmezkyinjx,25,i
npcztlobryvsdgiehkaf,dcqkebvawpofnjzhmgrl,41,i
hoxzusvibdpflkejwtay,qxuwkahpgjblfzdoiyvc,46,f
tgpqbjdsuokhynmwflvc,nvlpeqmwytzkabfsdhcj,42,h
zghmcksayiorlxpjbfne,uzdrnkfbgesxjmhycptq,24,t
cotkzaqyxlrjwdmfngsi,dwfabjxhlqscnomgveti,20,b
ewgfskmhyaioltcdpvqr,klbvjdqoepucrfmgwazx,24,b
yulpxbwqzctnigfhaovm,axnwlyczqfmujiegohrk,23,g
cpybqrfsdklvwnuamijz,jbzdlaxhfrpmeuvtkqwy,34,t
hnzcyvtgmsubprkejqfl,qaukinhrmpgbzwodfevj,50,x
xnkovtbpszhymfwleraj,dhczexmgtylijrpnvufs,23,c
xnizskfcowuvghlmqreb,hscymdwtavpxnrugjfio,50,n
orubhvexwpfjmlszidkg,snrzmfvykhcjwglueaxt,24,x
rfgobeyhwmatncdvsjiq,gdvfyhjqnkipesrwoxmz,22,v
nsjfxucglkdzaprqemby,lyhjcwqxismdkboaptrv,21,g
qasmyudrejcopkhwgtbl,ahtvcymdujfxelrkongw,30,i
gdtkljexvhiqpmzfcswa,yurcpoigxaenmlkwbjds,40,q
otxprbkfdvcihwznjema,izyobanfhrusqwljpvxg,32,u
twvosguxeklmqzcbirph,dregimhfykbwzastpujo,42,s
nofxragjpsziuhdwqytm,qanmbufigezoxsjdypvw,43,w
rlmvxbufocpdzsnwkagj,zusvmkjxptgeiynblcaw,38,d
vcflibenuxtkpszqjwrd,cqpxnuvbshyezlimjwto,36,d
tylnokhqaesrxugwfdvp,itwcayzvrpgdkfhsoqme,36,g
nlhbfqzmkrwgotavducy,poqiyajgvrztlshwfxnd,24,w
cfgskylnateoixjzwbud,zusvmkjxptgeiynblcaw,42,x
ntkefhqwmubazlpcgidx,vhlsnzrdfbipgwotxuqm,33,e
yuxnhfdksablqmpitezo,jgdpcrheksmytaxnqzib,49,y
vinskrxlodjpzqtmwgef,tcogvfaekuyixzmbjshd,48,l
tagqkidynrhxbszupolf,gdvfyhjqnkipesrwoxmz,21,z
tylnokhqaesrxugwfdvp,reoibxnsumftcypqzklj,39,j
rncjmalhbvxygwkozisu,pfwuacjbkrstgvdmloni,49,p
rdlotvqjnzmbhpgsayuw,tvmrjglbweanquispfoh,21,f
diqhwljerfosvmxbgapc,zsnmhfejkqorcdgivyat,43,s
jozpihgbdktafwuqvcns,gcilxfqnrkabthzouwej,38,q
dnerjzmukcysavxwhifg,nwqgzixfodptbmsjrchy,21,x
aqpcelwkdtrzvuximfgb,omeltaxrdczjfhnkwyvp,30,r
jgdpcrheksmytaxnqzib,wkgxdubomlhrtqcvnzja,31,p
kvhelzytaucjbqrwifgd,xownvuypcsidarfjqzml,28,d
spnjahylbxqtkdfwrgie,snwtzicaqyopkerdgmbx,22,y
bqzsomjpdwenyrlhfxtc,poqiyajgvrztlshwfxnd,24,a
kgonwuapbfvzdcsxehml,komabwxnptqzuijgfedr,49,r
viozqsufetbryhmxnawk,zagetnlfxbryhjiwspdv,45,z
hbsjgkmcpiorxeuaqvwz,wosxzkdrqcgjvaepbilt,24,x
rkgiajplvymtszhnufxe,peyotxwszlvjcfdgukrb,46,k
grvicpetfznuxwayjsob,enuskmpijwfgoztqrxba,45,b
dmiohgbcpfkxzetuqany,mqxojsprkzygwflviatu,34,s
xunfgsyarpokcldzwqvb,sdnwvjfrqekpiotuxcbz,39,z
xfztnovcqlbsgujadiwh,zagetnlfxbryhjiwspdv,30,r
flpyicuqavzgrxsmtkdh,sbgxthizdlfmoapqcvje,31,q
pxdczhansmwgefjlibyt,zvupmxgqoleyhrbticas,20,k
wryapekivhlmsgjuctfo,kzojsxlvwmcqenihufpr,47,l
tkjcnhdqpifourealwxb,hgepoytjkwdcslazrubf,37,m
loamwbizsuektnxvhcjg,qmgenduwraicfszvkxlh,49,v
otxprbkfdvcihwznjema,mvbqsgxdwaclyhkjtzip,42,e
cotkzaqyxlrjwdmfngsi,ydrtknwbapzcohuliqjs,30,r
swrpjdecalginxqvuhmt,phljxbmkdvrzwfaiygoc,30,l
pilfxvynwkgsbmhrtcao,hqzlbdkparnmieugotfs,32,v
hkjusqwxoezcprbdagvn,cotkzaqyxlrjwdmfngsi,22,k
axzjpiqfltgwedsmourv,zhayfxvlujwkscborqpe,20,e
wilbzkuecftypaqmjndh,tvmrjglbweanquispfoh,29,z
kcdeiqxygonumhjsvart,cotkzaqyxlrjwdmfngsi,41,u
xvwgipbrjktolsmuheac,hwrglsdipuonfajkebyz,37,b
nqclpdrbsvjxozgyhewm,nsvmptrkhajdoieqblxu,35,r
obuqeimdlwhazcgprsft,sdnwvjfrqekpiotuxcbz,38,v
opmqlakjicgtyfzrubdw,gbecrokaxpzdjqnmyuvi,47,j
afnpgjdvlmhquesyzrtb,cnahrbqotfpzjksdvigy,24,v
kxfzdjcyrpwubomasthe,jbzdlaxhfrpmeuvtkqwy,37,f
yurcpoigxaenmlkwbjds,pnudrcasgzqvwebfmjih,38,l
whrblpyscjxmeqvukont,hxjbupfvctgoaslkiqde,24,f
axnwlyczqfmujiegohrk,dregimhfykbwzastpujo,44,q
jqikfvxcbotapmrwdegu,lezwmtxsckjgiuovapyb,40,o
nbxmjravwscdylhqteof,tvmrjglbweanquispfoh,40,x
poqiyajgvrztlshwfxnd,ydrtknwbapzcohuliqjs,40,d
ixgnqefpyctlaorzbdwu,cotkzaqyxlrjwdmfngsi,36,a
viozqsufetbryhmxnawk,rspzbxgniojlkmcyuteq,48,t
hfkxoseucmzpqgtbljid,fwugndkmvyoethxcpjzl,30,t
dujmezoqfinxsbcwatgv,ntkefhqwmubazlpcgidx,38,d
xfztnovcqlbsgujadiwh,uzbspmvcqiotayjehlfw,20,e
hlfxrgotwjspuvcmniad,zsabptnjuwxvlhikemoy,28,o
xiujawrpzscfentdbylh,gidvtsouyjbzrwhnaklf,21,u
dzxljiupchgvenofkbst,xiujawrpzscfentdbylh,37,v
asftxkpegiuhwjnboycm,csriqmkvyuezhnobadxp,32,l
azkbhwislfeojumvrtgp,szagikemqvdyxnwftpro,50,o
goksmjlrpwhbifedyznx,klbtfemvdygcxqsznrpu,24,p
nhiudxgetspmzfrvyoql,btapzrfmlqsweicugxvo,32,f
qkeaoljhbyrdtcnguvfz,bltgmvonfkxzqudyrwap,22,v
xfztnovcqlbsgujadiwh,siomcevtqbfxpuyrnjal,24,h
qxpeysafzwbutglvrmih,onkrcgbjhvtdflmuipsz,47,e
jmixuobqfveaynctgzhw,rytpwgosleaqjfbzumih,33,c
usfgxdzkbchaliqmveyo,pzdakwexvufibqnltohy,46,l
lezwmtxsckjgiuovapyb,guqpcswmndzjavelrkht,24,m
zbndvgepxyqfklorwjta,rncjmalhbvxygwkozisu,35,d
amhsbytezdlnovigxcqf,jtiqokmugxbrhdyefplw,33,x
hcpdgbtajqfvkoirxeum,ghzurmfvybntkxeipdcw,46,c
yfuiadoewprbgvskmqxn,wilbzkuecftypaqmjndh,33,z
amicjtfkwbovxhgzdusy,qagsvbpjlenizutwdfmx,24,v
dnerjzmukcysavxwhifg,zsabptnjuwxvlhikemoy,26,z
flyrtxmaeskvjindohzg,kufwmyatplvbgdzqonjr,47,s
ocixeztudypbnjaqhkfw,ubswqpmoftjnvlriyzxc,43,g
pxdczhansmwgefjlibyt,jdnezfqbmguwtylhrika,21,v
ejdbtaxrpczlhyvkmwgf,yiblmdfsxegntocqprha,26,i
rlmvxbufocpdzsnwkagj,flvibcqwprusxtzhjyde,38,i
lbysftozqegrnacxpkvm,qagsvbpjlenizutwdfmx,45,h
icdqjguavzmlonbswkyx,iaresblzqjhktxfnyouv,32,i
wzbvsapmlxkfgynijutq,klbtfemvdygcxqsznrpu,27,h
salhntvyofxrjmwcdgiu,qynmgizcvkpxsfrtdeua,28,x
adovxqlhfmnpucyzwisr,wryapekivhlmsgjuctfo,41,m
vwskdphrzxujmibnetgo,tvmrjglbweanquispfoh,26,q
dhwfxyobreiclsmpzunj,ynfompkvsxhjuiwzdreg,28,k
aikyjvgfbodnctulshmz,xclpkzthfbqywjignues,48,j
bltgmvonfkxzqudyrwap,tusekxgylpanhjdczqim,40,s
oydaisclpetfuwrnkjhv,nlhbfqzmkrwgotavducy,47,q
migfxzauehrtysnodvcp,gcilxfqnrkabthzouwej,30,w
myorntwjlcaqvdzgfheb,tzqubolpyigvaemjwxds,31,t
siomcevtqbfxpuyrnjal,hnpikqlsgcbfojdxzemr,46,c
usfgxdzkbchaliqmveyo,muactsrpjnykhfzxlbev,46,e
wriofzkltqmdesuvgyax,uzdrnkfbgesxjmhycptq,31,l
zsabptnjuwxvlhikemoy,nsvmptrkhajdoieqblxu,38,e
gbecrokaxpzdjqnmyuvi,snrzmfvykhcjwglueaxt,49,r
fschbpjlrwtminozyvkd,aruoidnfcwbztgjpxkmv,22,q
prmbacjfxugdvzteonlk,jlaqgpicevtbdmnzrhkf,31,e
kufwmyatplvbgdzqonjr,ialmtpyowqbjszundrgk,28,o
yfdqnzpauxsmokebrwgj,aknqwgifochdpvjyesru,41,f
hzbkaqydtofljvgmcruw,xshqwcombejnvgatfdkp,31,a
grvicpetfznuxwayjsob,qwfketcuildszhbvopmy,23,u
gnxdhfsjpqkotabrmiye,tvmrjglbweanquispfoh,36,j
nbjsitzokrqflyeuhawv,dnxlkjvmspogeurihwyq,47,k
splzehwornfiqgktdxjc,sahxufpytwlqbdmicoer,45,b
usjmgdwaecbxyntzirfh,zusvmkjxptgeiynblcaw,21,n
rlmvxbufocpdzsnwkagj,pqnkgmbxeohwcriftuza,45,x
nqclpdrbsvjxozgyhewm,qdzbfogxvlnmwjiuakrp,34,w
letvfcuzykpbsrhqiwxd,lqdafvkeipsbghyocjnt,46,t
uazgxvdlsfmbytcrejow,vxfdzbraiyjmsgonwtuc,31,w
rhqjzplmgafxecutibos,lcuegsfajbzvmhqyixrw,50,j
nbxmjravwscdylhqteof,qmgenduwraicfszvkxlh,28,f
loamwbizsuektnxvhcjg,eyvnzqfwgcpsdahxrmut,29,v
gvtdbmuljyqhanpxfeiz,ixgnqefpyctlaorzbdwu,42,h
kwvsdhytxnipqzjeragc,migfxzauehrtysnodvcp,23,q
alqjmzubxodgftkriepy,btapzrfmlqsweicugxvo,42,v
lirfcahpstxbgmkovuyq,nsvmptrkhajdoieqblxu,41,x
dmiohgbcpfkxzetuqany,qbohkzlysgdawexuftrn,50,j
zcfjiaylktvgqhwxubde,nmokbxvgfdpwqretscyl,39,k
hmixlboevjwctpayusgz,aruoidnfcwbztgjpxkmv,21,z
degpsqklnmfxizjhtbvy,lcuegsfajbzvmhqyixrw,41,w
gtcerinadjpxvykuwfob,ydrtknwbapzcohuliqjs,36,p
azkbhwislfeojumvrtgp,cpybqrfsdklvwnuamijz,25,t
kvhelzytaucjbqrwifgd,ykarwclounsbpfjqzimt,34,a
hyztdgmnwoufqrjicxab,ntdchejlfuzsoxaiqbwy,23,s
dhczexmgtylijrpnvufs,mwugbjihacdtlprqkesx,30,q
grhpmxezkjditcysqwlv,hyztdgmnwoufqrjicxab,44,a
xclpkzthfbqywjignues,dhczexmgtylijrpnvufs,40,t
amhsbytezdlnovigxcqf,kzojsxlvwmcqenihufpr,24,f
swrpjdecalginxqvuhmt,tlwskfhriqeayzcmxbdu,34,i
kzojsxlvwmcqenihufpr,rcgqjnshldxkftpzbeyi,28,m
axzjpiqfltgwedsmourv,nhiudxgetspmzfrvyoql,48,g
jvmzspyaknoturfelqgd,dhwfxyobreiclsmpzunj,49,r
hlpbvcsuwadmezkyinjx,hsxkewouvfmrqniczgty,46,s
gvtdbmuljyqhanpxfeiz,qxpeysafzwbutglvrmih,26,o
sezlktqhnjpwcmiodygf,yvrmbieshpqjzgnaxcfd,49,x
lkvabwjemtsipnfdzyxq,prmbacjfxugdvzteonlk,36,e
tzqubolpyigvaemjwxds,amrfveblwkhsgztudqxn,38,p
pfwuacjbkrstgvdmloni,bsnzpfigctdwjrkxavly,24,g
werfzylotxamhvcibjqg,itwcayzvrpgdkfhsoqme,24,o
grhpmxezkjditcysqwlv,vmpwzybuqtgkcadnoxsr,42,l
azkbhwislfeojumvrtgp,oydaisclpetfuwrnkjhv,26,i
lkvabwjemtsipnfdzyxq,ynfompkvsxhjuiwzdreg,39,j
pnudrcasgzqvwebfmjih,yepmwtbdklrzaucxqhoi,41,u
lbqzstucfrikwxodeygm,akbjtnxpmqgswrdzulif,39,o
jebydpwrmzinqhoutfag,muactsrpjnykhfzxlbev,29,v
gvtdbmuljyqhanpxfeiz,hwrglsdipuonfajkebyz,48,r
nbxmjravwscdylhqteof,grvicpetfznuxwayjsob,21,l
sfrubzcqpwvyxhiklgjt,lzqkswmrecfpubthovyd,22,r
sbgxthizdlfmoapqcvje,zhayfxvlujwkscborqpe,22,f
npcztlobryvsdgiehkaf,fzrbxgsuvpjkeiyhoqan,38,z
sjpdclraxziwnfmoutqy,jkxsimbloapdwzcvfyre,28,b
szagikemqvdyxnwftpro,jdqekriagoxyncwzlstp,35,v
sezlktqhnjpwcmiodygf,oysbvkrhcunlgdaqjfme,28,i
dnerjzmukcysavxwhifg,mfzswdqvhorblctxgpnu,31,l
npcztlobryvsdgiehkaf,qdzbfogxvlnmwjiuakrp,36,k
mfzswdqvhorblctxgpnu,qxuwkahpgjblfzdoiyvc,27,q
qxpeysafzwbutglvrmih,ikshfexgbmynacwtdjou,43,p
evlkczhbarxdfuwtmnjy,mfzswdqvhorblctxgpnu,20,q
syjrgfxobntehdwvmckz,nofxragjpsziuhdwqytm,33,v
gwojafuizevxkshnmtcd,sifcavltoqgyxerwdjmn,50,l
wzbvsapmlxkfgynijutq,qdzbfogxvlnmwjiuakrp,33,r
xenuzayftlcpjqgwsdvh,xlbtcvmqsrzikgyufwdn,46,m
wriofzkltqmdesuvgyax,zjatgcsbyxekfmhudnop,40,l
pmyihzxlvgfebcrutqks,gfcaurxnowekjzyqhsip,43,e
amhsbytezdlnovigxcqf,fajvypzxcngbkhmiestw,39,q
waqfcrnsuzyhxlbivtgo,opmqlakjicgtyfzrubdw,37,r
sxupktnqyofcimwherjl,gdtkljexvhiqpmzfcswa,22,b
iysjwkfuxapgvclbzhnd,lezwmtxsckjgiuovapyb,30,j
nwqgzixfodptbmsjrchy,uzbspmvcqiotayjehlfw,47,m
gwojafuizevxkshnmtcd,hnpikqlsgcbfojdxzemr,44,p
jhfdzxcgvslwpqtokeua,ghzurmfvybntkxeipdcw,45,c
bivtgmoswczypkufedrj,lyhjcwqxismdkboaptrv,42,t
hzbkaqydtofljvgmcruw,kjswvzbfopgxuqhnimce,42,y
rlkjbtudegmpnhqfsaoy,yxojrtdskneubaqzilgv,45,t
kmevnsaozfxycpuljqbg,sgfyozqdphxmjbcuekil,41,n
sezlktqhnjpwcmiodygf,kcdeiqxygonumhjsvart,30,t
spnjahylbxqtkdfwrgie,ofeztdxhlrpuqwgvkcas,50,w
czqjswahgvpfyuokield,hcozunqxgpkafrmevtdw,37,i
mkejxyqihfsdvrupctza,migfxzauehrtysnodvcp,38,o
xnizskfcowuvghlmqreb,wosxzkdrqcgjvaepbilt,37,g
frbxywnledvhptukczqs,pzdakwexvufibqnltohy,26,g
xsmyiqobuftwphzjcrge,zcrxehpbnkvjqyomaigu,44,c
nbxmjravwscdylhqteof,hsxkewouvfmrqniczgty,22,a
zvupmxgqoleyhrbticas,zjatgcsbyxekfmhudnop,28,a
qxpeysafzwbutglvrmih,hwugficradenqlzbmvyp,23,d
luvadgspnqmiwctzbhjy,waqfcrnsuzyhxlbivtgo,30,h
lezwmtxsckjgiuovapyb,xlbtcvmqsrzikgyufwdn,23,n
ojacwfrbtlxpydgzkmhq,shwmdcblzkrfuvajtgip,24,s
oysbvkrhcunlgdaqjfme,hyztdgmnwoufqrjicxab,39,w
igyswhncpkbuqfoejxmd,zvupmxgqoleyhrbticas,32,i
aselotjhkvmgnzbiydxr,rihsamkqtxnwjzdclgpf,28,q
kosznadvcxbljurhmyep,hscymdwtavpxnrugjfio,45,g
iedcuwvmyxpokgzjshla,eyuwjfkrqaxnphlvzodb,37,b
sdnwvjfrqekpiotuxcbz,vshpcrklbinmjxuoafey,42,j
myorntwjlcaqvdzgfheb,rlkjbtudegmpnhqfsaoy,33,s
fxjckrguwdstoilnqeva,dregimhfykbwzastpujo,28,m
tusekxgylpanhjdczqim,szagikemqvdyxnwftpro,30,r
xiyzvujgdrsaefwphkmn,fdvcsazymqehwglnixtb,23,b
zsnmhfejkqorcdgivyat,zsabptnjuwxvlhikemoy,28,h
vcxbznasdqrpfothikwl,pxdczhansmwgefjlibyt,27,n
zcfjiaylktvgqhwxubde,dizuowhaelvrxycqpskf,33,u
nvlpeqmwytzkabfsdhcj,jdqekriagoxyncwzlstp,32,z
ykarwclounsbpfjqzimt,zagetnlfxbryhjiwspdv,42,a
yulpxbwqzctnigfhaovm,jbzdlaxhfrpmeuvtkqwy,24,t
mfzswdqvhorblctxgpnu,poqiyajgvrztlshwfxnd,46,x
viozqsufetbryhmxnawk,enuskmpijwfgoztqrxba,40,b
hfkxoseucmzpqgtbljid,salhntvyofxrjmwcdgiu,50,m
btapzrfmlqsweicugxvo,yxojrtdskneubaqzilgv,28,l
wzbvsapmlxkfgynijutq,rgyalbwfnxecvshqmpdo,35,q
xnizskfcowuvghlmqreb,bsnzpfigctdwjrkxavly,50,y
cmdstepzlnghfrybjkvq,ogydjlsthpnaimfcrbzq,42,y
fdgtiuhnmpvjbrweloxa,ynfompkvsxhjuiwzdreg,38,d
qoshauxtlewmzykpnvgb,grhpmxezkjditcysqwlv,34,y
ytfmqugvxswearpzhnol,saphiowykcqnbvfdgljx,49,n
frbxywnledvhptukczqs,jesdmqbinkxgathcvwul,21,v
lkvabwjemtsipnfdzyxq,lezwmtxsckjgiuovapyb,39,j
vcflibenuxtkpszqjwrd,hbsjgkmcpiorxeuaqvwz,38,s
kldyecuqtzwbpsxrfhvj,cmdstepzlnghfrybjkvq,44,q
goksmjlrpwhbifedyznx,prasfudztmnylkjvxhec,31,g
snwtzicaqyopkerdgmbx,cqpxnuvbshyezlimjwto,43,u
kwvsdhytxnipqzjeragc,elqvtkoghzsnbdpjurxf,49,y
snwtzicaqyopkerdgmbx,werfzylotxamhvcibjqg,31,w
jbypmniexfhwvokcrqda,fxjckrguwdstoilnqeva,35,h
amofrsqbkvuxjgnlyhde,uzbspmvcqiotayjehlfw,26,p
cfgskylnateoixjzwbud,uazgxvdlsfmbytcrejow,24,l
hsxkewouvfmrqniczgty,uzbspmvcqiotayjehlfw,39,c
pszlrxvawbdgjfcymoeh,oysbvkrhcunlgdaqjfme,45,u
sfrubzcqpwvyxhiklgjt,tlwskfhriqeayzcmxbdu,44,s
pxdczhansmwgefjlibyt,ubipjvwrhglxkmnzcoqy,41,d
sfrubzcqpwvyxhiklgjt,hlfxrgotwjspuvcmniad,27,l
grvicpetfznuxwayjsob,lezwmtxsckjgiuovapyb,26,c
gseplkanfhrtqdjcyboi,dumbsrkqngceawjflivz,28,i
hufjienokmzvxrwbcglq,saphiowykcqnbvfdgljx,45,o
vcflibenuxtkpszqjwrd,qdbeyvzplkgunmwtsafo,45,b
cpybqrfsdklvwnuamijz,omeltaxrdczjfhnkwyvp,22,u
prasfudztmnylkjvxhec,dxpjhezgtynoqasrfubw,36,v
qopsmazcuewvkrjbnlyf,khcebtjugfraiowydvxp,49,u
zsabptnjuwxvlhikemoy,ynfompkvsxhjuiwzdreg,27,p
cnahrbqotfpzjksdvigy,ejdbtaxrpczlhyvkmwgf,26,e
xygokmfzntjipvhbqawc,gtcerinadjpxvykuwfob,50,q
kufwmyatplvbgdzqonjr,vmpwzybuqtgkcadnoxsr,34,j
tagqkidynrhxbszupolf,rspzbxgniojlkmcyuteq,48,v
mybuvfdctwsqxgealhnk,fldhciyteaskmvpzqrox,30,g
ntkefhqwmubazlpcgidx,htlapymuxfecvkzgwjso,31,p
dnerjzmukcysavxwhifg,sdnwvjfrqekpiotuxcbz,27,r
snwtzicaqyopkerdgmbx,agjpcwyksbovedlqmthi,30,y
ntkefhqwmubazlpcgidx,tiykzdlbwcvpuagrfnqh,31,m
qxpeysafzwbutglvrmih,rdezxlyogmaqchwnfbsj,30,g
hkjusqwxoezcprbdagvn,gdvfyhjqnkipesrwoxmz,41,e
fqsomiypuedxvrwktabg,lqdafvkeipsbghyocjnt,41,b
xkwbvrhocuzagmjflidp,rspzbxgniojlkmcyuteq,31,z
ntkefhqwmubazlpcgidx,mqxojsprkzygwflviatu,27,m
hlpbvcsuwadmezkyinjx,bltgmvonfkxzqudyrwap,33,p
najrmvfxgsbtuwoclzeh,qdbeyvzplkgunmwtsafo,25,e
hlfxrgotwjspuvcmniad,nzjeomuywcrplqagixtf,41,n
klbvjdqoepucrfmgwazx,cpewblsjadkmzhfvnoxr,40,x
qynmgizcvkpxsfrtdeua,enuskmpijwfgoztqrxba,29,e
swrpjdecalginxqvuhmt,poqiyajgvrztlshwfxnd,29,l
dnerjzmukcysavxwhifg,vtfbysacezwkujhmrpol,34,z
tylnokhqaesrxugwfdvp,rdlotvqjnzmbhpgsayuw,38,j
viozqsufetbryhmxnawk,gxhaziqvrdwcsmlunojp,25,x
kgonwuapbfvzdcsxehml,xlzabvktnruypoeifjdh,27,s
ntkefhqwmubazlpcgidx,mwugbjihacdtlprqkesx,44,g
xsmyiqobuftwphzjcrge,psnrezgbuqlwimvyofdc,28,c
brgxtyehjkcilzuowspa,ajugoslnqvwkpxfdhrce,22,g
wconjdgqmebirxzuplkv,xalkrfzvnopjigtuecqh,32,l
xnizskfcowuvghlmqreb,vshpcrklbinmjxuoafey,24,v
mkejxyqihfsdvrupctza,snrzmfvykhcjwglueaxt,21,e
tpwbfmlcksyiujaqxvnh,tusekxgylpanhjdczqim,22,g
wzbvsapmlxkfgynijutq,xalkrfzvnopjigtuecqh,33,p
wilbzkuecftypaqmjndh,hyztdgmnwoufqrjicxab,28,o
dujmezoqfinxsbcwatgv,caupmxokrlieshgybwfq,45,h
kldyecuqtzwbpsxrfhvj,jvmzspyaknoturfelqgd,39,t
dkmgaznvxtyrucoelhfj,tlwskfhriqeayzcmxbdu,50,j
lzqkswmrecfpubthovyd,yfdqnzpauxsmokebrwgj,43,x
kxfzdjcyrpwubomasthe,rhqjzplmgafxecutibos,25,x
czqjswahgvpfyuokield,prmbacjfxugdvzteonlk,31,o
tagqkidynrhxbszupolf,vmpwzybuqtgkcadnoxsr,36,o
zagetnlfxbryhjiwspdv,dhwfxyobreiclsmpzunj,39,t
bivtgmoswczypkufedrj,snrzmfvykhcjwglueaxt,20,q
yfdqnzpauxsmokebrwgj,dregimhfykbwzastpujo,22,t
qoshauxtlewmzykpnvgb,sahxufpytwlqbdmicoer,37,a
jwbxunmylcfvahdkgros,ebkdhxnaqmucizprfjyv,39,u
agjpcwyksbovedlqmthi,qxzaisgheyrmcvultjwo,38,l
zghmcksayiorlxpjbfne,hnpikqlsgcbfojdxzemr,40,s
onkrcgbjhvtdflmuipsz,omeltaxrdczjfhnkwyvp,48,a
ikjaoqcbgtewfrdlsvmn,oysbvkrhcunlgdaqjfme,31,h
siomcevtqbfxpuyrnjal,xunfgsyarpokcldzwqvb,36,h
feqpxbgwcadmnhijulvz,bsnzpfigctdwjrkxavly,25,o
eyvnzqfwgcpsdahxrmut,tzqubolpyigvaemjwxds,21,g
zbndvgepxyqfklorwjta,rmaowtvdnuyhebxjpczk,27,w
ydrtknwbapzcohuliqjs,phljxbmkdvrzwfaiygoc,50,d
kgonwuapbfvzdcsxehml,xclpkzthfbqywjignues,45,u
xlzabvktnruypoeifjdh,qagsvbpjlenizutwdfmx,20,y
lavgtchyubonpsqwmfie,sbgxthizdlfmoapqcvje,30,c
lbysftozqegrnacxpkvm,kgonwuapbfvzdcsxehml,32,x
klbvjdqoepucrfmgwazx,xiujawrpzscfentdbylh,35,e
ahtvcymdujfxelrkongw,cnxyeljqdauiwzpfhsko,21,o
tzevduscngmbjkhqyofi,tgwnizsrojflcxdhaekm,27,h
uriztcwanqsxopjekhvd,lhgvzeunaxytdsjipbcq,31,o
dnxlkjvmspogeurihwyq,dumbsrkqngceawjflivz,23,r
lwjtmbagcsdhqpouxkry,rdyhazlqcwxstkpmejfo,23,g
hwrglsdipuonfajkebyz,rgyalbwfnxecvshqmpdo,41,d
dvrualjtzimqwpehbfon,uazgxvdlsfmbytcrejow,28,j
asftxkpegiuhwjnboycm,xshqwcombejnvgatfdkp,34,r
jtiqokmugxbrhdyefplw,abvzrgcminxyjlehqwts,44,i
salhntvyofxrjmwcdgiu,zmbcapxoygehrlukidfj,21,g
dnepxzagfyritqbcwouj,kzojsxlvwmcqenihufpr,39,b
tkjcnhdqpifourealwxb,tgpqbjdsuokhynmwflvc,42,f
gtcerinadjpxvykuwfob,opterqjwhcuxgsbzkfdi,27,l
waqfcrnsuzyhxlbivtgo,khcebtjugfraiowydvxp,39,q
spnjahylbxqtkdfwrgie,tusekxgylpanhjdczqim,38,o
reoibxnsumftcypqzklj,sdnwvjfrqekpiotuxcbz,50,c
usjmgdwaecbxyntzirfh,enuskmpijwfgoztqrxba,46,a
itwcayzvrpgdkfhsoqme,ghzurmfvybntkxeipdcw,28,e
rytpwgosleaqjfbzumih,fazclnjyxviegptshdwq,34,x
sfrubzcqpwvyxhiklgjt,psnrezgbuqlwimvyofdc,27,v
cpewblsjadkmzhfvnoxr,xsmyiqobuftwphzjcrge,32,b
gvtdbmuljyqhanpxfeiz,hzbkaqydtofljvgmcruw,43,t
xyvqroesbfzpmchigtwj,opmqlakjicgtyfzrubdw,41,d
tylnokhqaesrxugwfdvp,levmafjypqcrwbsdnuot,33,s
nxhmsbqzgfdctukwivjr,saphiowykcqnbvfdgljx,49,u
cfjweulmbrsodxkivnth,azsjyxirweultqcobfvm,39,g
rxbejytdcufmgvznpkwo,salhntvyofxrjmwcdgiu,41,s
jtiqokmugxbrhdyefplw,fvtkqanoyljbzswudxgm,42,b
levmafjypqcrwbsdnuot,qagsvbpjlenizutwdfmx,25,i
zcfjiaylktvgqhwxubde,nvlpeqmwytzkabfsdhcj,42,j
kgonwuapbfvzdcsxehml,jdnezfqbmguwtylhrika,42,u
wosxzkdrqcgjvaepbilt,kcoargpbwdzmvhluytix,38,y
ygqpnuxtridkmbwzlcea,snrzmfvykhcjwglueaxt,39,g
qagsvbpjlenizutwdfmx,pzsgdqmbyfvwoeutinlh,29,m
flpyicuqavzgrxsmtkdh,jebydpwrmzinqhoutfag,36,b
mptgoskjqhfrldacivew,cfjweulmbrsodxkivnth,50,j
caupmxokrlieshgybwfq,tusekxgylpanhjdczqim,20,b
xkwbvrhocuzagmjflidp,vmpwzybuqtgkcadnoxsr,48,p
iysjwkfuxapgvclbzhnd,yvrmbieshpqjzgnaxcfd,48,g
luvadgspnqmiwctzbhjy,poqiyajgvrztlshwfxnd,20,v
hlfxrgotwjspuvcmniad,cnxyeljqdauiwzpfhsko,25,w
qdzbfogxvlnmwjiuakrp,pzsgdqmbyfvwoeutinlh,36,x
hnpikqlsgcbfojdxzemr,fldhciyteaskmvpzqrox,31,c
jbuvcaltwxkrhszfdypi,gidvtsouyjbzrwhnaklf,23,i
bivtgmoswczypkufedrj,gbecrokaxpzdjqnmyuvi,49,i
axzjpiqfltgwedsmourv,objsftzvyugawrecxhik,28,i
mfzswdqvhorblctxgpnu,kufwmyatplvbgdzqonjr,28,v
cfgskylnateoixjzwbud,komabwxnptqzuijgfedr,43,x
sezlktqhnjpwcmiodygf,usjmgdwaecbxyntzirfh,41,e
lbqzstucfrikwxodeygm,afnpgjdvlmhquesyzrtb,39,b
sheigznfcpbxuvdwqork,jqikfvxcbotapmrwdegu,48,y
tpwbfmlcksyiujaqxvnh,iaresblzqjhktxfnyouv,34,m
bqzsomjpdwenyrlhfxtc,dpnrtbmswkaoyvxjuegz,32,e
tiykzdlbwcvpuagrfnqh,cqpxnuvbshyezlimjwto,20,z
ajugoslnqvwkpxfdhrce,zusvmkjxptgeiynblcaw,46,m
komabwxnptqzuijgfedr,peyotxwszlvjcfdgukrb,31,x
mvisfkdputogacyexwhq,qbohkzlysgdawexuftrn,25,m
alydqurhpjnfscezkbgx,mybuvfdctwsqxgealhnk,28,o
dxpjhezgtynoqasrfubw,sifcavltoqgyxerwdjmn,45,w
viozqsufetbryhmxnawk,wryapekivhlmsgjuctfo,47,q
nbjsitzokrqflyeuhawv,mfzswdqvhorblctxgpnu,20,z
fdgtiuhnmpvjbrweloxa,xenuzayftlcpjqgwsdvh,30,m
dhomiuwbsqytgfvkcxne,gfcaurxnowekjzyqhsip,45,n
jhfdzxcgvslwpqtokeua,segvdobxhfiyatmrkpzu,28,k
tgpqbjdsuokhynmwflvc,izmvgxhqdpftlaysbuek,25,s
fvlaseymthkpjugiqzrb,fxeuhjbvklzwimcqgrps,33,i
wyrjqizdcbtmoelpaxuf,qynmgizcvkpxsfrtdeua,41,x
yfuiadoewprbgvskmqxn,xshqwcombejnvgatfdkp,46,p
orubhvexwpfjmlszidkg,dizuowhaelvrxycqpskf,43,x
eyvnzqfwgcpsdahxrmut,lcuegsfajbzvmhqyixrw,34,n
jqikfvxcbotapmrwdegu,opmqlakjicgtyfzrubdw,20,b
sezlktqhnjpwcmiodygf,mjfcuxnhwrqkglyspbzi,48,d
xownvuypcsidarfjqzml,iedcuwvmyxpokgzjshla,27,w
cfgskylnateoixjzwbud,hzbkaqydtofljvgmcruw,50,q
sfrubzcqpwvyxhiklgjt,czqjswahgvpfyuokield,37,b
mtucxfvpalkqenodwjyg,gfnijlbaxhopdkstmzyr,27,f
syjrgfxobntehdwvmckz,dnepxzagfyritqbcwouj,23,z
qaukinhrmpgbzwodfevj,qdzbfogxvlnmwjiuakrp,35,k
uzbspmvcqiotayjehlfw,aruoidnfcwbztgjpxkmv,20,q
mvisfkdputogacyexwhq,opterqjwhcuxgsbzkfdi,37,x
xtreacgoqslfbwzhnkij,ndckgjyqiaxtmhulbrov,39,u
kldyecuqtzwbpsxrfhvj,nsvmptrkhajdoieqblxu,27,z
usjmgdwaecbxyntzirfh,fxgczjriyedtvlmsaquw,49,p
xelowcziuydfqabmtphs,itwcayzvrpgdkfhsoqme,38,l
qrfxocephavzudtisbkg,mqxojsprkzygwflviatu,39,d
lbysftozqegrnacxpkvm,mvisfkdputogacyexwhq,26,v
qdzbfogxvlnmwjiuakrp,nmokbxvgfdpwqretscyl,22,v
xsmyiqobuftwphzjcrge,xtreacgoqslfbwzhnkij,26,q
fzrbxgsuvpjkeiyhoqan,opterqjwhcuxgsbzkfdi,39,u
xiujawrpzscfentdbylh,amofrsqbkvuxjgnlyhde,23,k
dnerjzmukcysavxwhifg,kwvsdhytxnipqzjeragc,46,d
kgonwuapbfvzdcsxehml,qwfketcuildszhbvopmy,31,r
mtucxfvpalkqenodwjyg,hgepoytjkwdcslazrubf,37,d
ezqaxwmrfbplhyvcnsik,muactsrpjnykhfzxlbev,45,d
sgfyozqdphxmjbcuekil,omeltaxrdczjfhnkwyvp,34,k
gseplkanfhrtqdjcyboi,jkxsimbloapdwzcvfyre,34,y
nqclpdrbsvjxozgyhewm,gbtuadcfpynoehwjlxsi,35,h
rdlotvqjnzmbhpgsayuw,avxlrwphetoizmncqbdk,24,q
komabwxnptqzuijgfedr,pxuemraczqbhjlkndvyw,31,s
vhlsnzrdfbipgwotxuqm,jhvudsxbrmqkgnolcafy,44,t
peyotxwszlvjcfdgukrb,itwcayzvrpgdkfhsoqme,36,f
itlkbaogmzqwrnydfvjs,akbjtnxpmqgswrdzulif,21,c
flpyicuqavzgrxsmtkdh,uzebsorwchqkdlptfyax,45,d
czqjswahgvpfyuokield,vbqitnockudpxyzfsghr,37,z
prasfudztmnylkjvxhec,zagetnlfxbryhjiwspdv,24,p
ivtxyceuakrbmnhsqpfw,xtreacgoqslfbwzhnkij,28,a
qrakgznoftyvulpdmseh,itwcayzvrpgdkfhsoqme,27,o
kmevnsaozfxycpuljqbg,saphiowykcqnbvfdgljx,28,c
tlwskfhriqeayzcmxbdu,tcogvfaekuyixzmbjshd,38,g
levmafjypqcrwbsdnuot,fldhciyteaskmvpzqrox,47,y
mptgoskjqhfrldacivew,jpmgbxealhncwqkysduz,24,m
pxuemraczqbhjlkndvyw,ynfompkvsxhjuiwzdreg,47,n
iedcuwvmyxpokgzjshla,iokwamghlesjytzqxcvd,35,k
xvicswujqzmpnafokrdy,kufwmyatplvbgdzqonjr,22,o
tagqkidynrhxbszupolf,jkxsimbloapdwzcvfyre,35,e
mkejxyqihfsdvrupctza,alydqurhpjnfscezkbgx,21,h
ocixeztudypbnjaqhkfw,enuskmpijwfgoztqrxba,50,s
gtcerinadjpxvykuwfob,swrpjdecalginxqvuhmt,33,c
enbwpqgxjaizsmltrydk,xiyzvujgdrsaefwphkmn,35,j
yfdqnzpauxsmokebrwgj,gdtkljexvhiqpmzfcswa,33,s
vinskrxlodjpzqtmwgef,nvlpeqmwytzkabfsdhcj,49,h
xsmyiqobuftwphzjcrge,maslcwfuytbznexpdqvk,41,p
ntkefhqwmubazlpcgidx,pclsvfdwzbjirgxtuanq,24,r
qwfketcuildszhbvopmy,pxdkmfhbozqretysaclw,24,c
euibqmojcgfhpszxndwy,hufjienokmzvxrwbcglq,25,t
jebydpwrmzinqhoutfag,xtreacgoqslfbwzhnkij,50,h
izyobanfhrusqwljpvxg,elqvtkoghzsnbdpjurxf,20,r
mptgoskjqhfrldacivew,vhlsnzrdfbipgwotxuqm,21,h
pylsviuenjbtwqkarzom,tgwnizsrojflcxdhaekm,47,v
hscymdwtavpxnrugjfio,qwfketcuildszhbvopmy,27,p
grvicpetfznuxwayjsob,tgwnizsrojflcxdhaekm,43,k
zbndvgepxyqfklorwjta,xiyzvujgdrsaefwphkmn,45,q
nwqgzixfodptbmsjrchy,aqpcelwkdtrzvuximfgb,23,a
gidvtsouyjbzrwhnaklf,hgepoytjkwdcslazrubf,48,c
gcotjnlrqwbyhfkzidas,dfzkhvjsqulripewbngx,25,u
splzehwornfiqgktdxjc,jebydpwrmzinqhoutfag,50,p
loamwbizsuektnxvhcjg,itwcayzvrpgdkfhsoqme,20,m
lwjtmbagcsdhqpouxkry,izyobanfhrusqwljpvxg,45,a
feqpxbgwcadmnhijulvz,elcnhmzqyiksfvtoxawp,22,y
